Station,Latitude,Longitude,Venue_Category
Expo Station,24.9633681281314,55.1462011570333,Arts & Entertainment
Expo Station,24.9633681281314,55.1462011570333,College & University
Expo Station,24.9633681281314,55.1462011570333,Event
Expo Station,24.9633681281314,55.1462011570333,Food
Expo Station,24.9633681281314,55.1462011570333,Nightlife Spot
Expo Station,24.9633681281314,55.1462011570333,Outdoors & Recreation
Expo Station,24.9633681281314,55.1462011570333,Professional & Other Places
Expo Station,24.9633681281314,55.1462011570333,Residence
Expo Station,24.9633681281314,55.1462011570333,Shop & Service
Expo Station,24.9633681281314,55.1462011570333,Travel & Transport
Etisalat,25.2548051022099,55.40100711209,Arts & Entertainment
Etisalat,25.2548051022099,55.40100711209,College & University
Etisalat,25.2548051022099,55.40100711209,Event
Etisalat,25.2548051022099,55.40100711209,Food
Etisalat,25.2548051022099,55.40100711209,Nightlife Spot
Etisalat,25.2548051022099,55.40100711209,Outdoors & Recreation
Etisalat,25.2548051022099,55.40100711209,Professional & Other Places
Etisalat,25.2548051022099,55.40100711209,Residence
Etisalat,25.2548051022099,55.40100711209,Shop & Service
Etisalat,25.2548051022099,55.40100711209,Travel & Transport
Al Qusais,25.2626590142929,55.3874763359065,Arts & Entertainment
Al Qusais,25.2626590142929,55.3874763359065,College & University
Al Qusais,25.2626590142929,55.3874763359065,Event
Al Qusais,25.2626590142929,55.3874763359065,Food
Al Qusais,25.2626590142929,55.3874763359065,Nightlife Spot
Al Qusais,25.2626590142929,55.3874763359065,Outdoors & Recreation
Al Qusais,25.2626590142929,55.3874763359065,Professional & Other Places
Al Qusais,25.2626590142929,55.3874763359065,Residence
Al Qusais,25.2626590142929,55.3874763359065,Shop & Service
Al Qusais,25.2626590142929,55.3874763359065,Travel & Transport
Dubai Airport Free Zone,25.2699287218477,55.3750092539013,Arts & Entertainment
Dubai Airport Free Zone,25.2699287218477,55.3750092539013,College & University
Dubai Airport Free Zone,25.2699287218477,55.3750092539013,Event
Dubai Airport Free Zone,25.2699287218477,55.3750092539013,Food
Dubai Airport Free Zone,25.2699287218477,55.3750092539013,Nightlife Spot
Dubai Airport Free Zone,25.2699287218477,55.3750092539013,Outdoors & Recreation
Dubai Airport Free Zone,25.2699287218477,55.3750092539013,Professional & Other Places
Dubai Airport Free Zone,25.2699287218477,55.3750092539013,Residence
Dubai Airport Free Zone,25.2699287218477,55.3750092539013,Shop & Service
Dubai Airport Free Zone,25.2699287218477,55.3750092539013,Travel & Transport
Al Nahda,25.2732735196383,55.3693408984036,Arts & Entertainment
Al Nahda,25.2732735196383,55.3693408984036,College & University
Al Nahda,25.2732735196383,55.3693408984036,Event
Al Nahda,25.2732735196383,55.3693408984036,Food
Al Nahda,25.2732735196383,55.3693408984036,Nightlife Spot
Al Nahda,25.2732735196383,55.3693408984036,Outdoors & Recreation
Al Nahda,25.2732735196383,55.3693408984036,Professional & Other Places
Al Nahda,25.2732735196383,55.3693408984036,Residence
Al Nahda,25.2732735196383,55.3693408984036,Shop & Service
Al Nahda,25.2732735196383,55.3693408984036,Travel & Transport
Stadium,25.277802143602,55.3615799355075,Arts & Entertainment
Stadium,25.277802143602,55.3615799355075,College & University
Stadium,25.277802143602,55.3615799355075,Event
Stadium,25.277802143602,55.3615799355075,Food
Stadium,25.277802143602,55.3615799355075,Nightlife Spot
Stadium,25.277802143602,55.3615799355075,Outdoors & Recreation
Stadium,25.277802143602,55.3615799355075,Professional & Other Places
Stadium,25.277802143602,55.3615799355075,Residence
Stadium,25.277802143602,55.3615799355075,Shop & Service
Stadium,25.277802143602,55.3615799355075,Travel & Transport
Al Qiyadah,25.2776673588803,55.3527646281248,Arts & Entertainment
Al Qiyadah,25.2776673588803,55.3527646281248,College & University
Al Qiyadah,25.2776673588803,55.3527646281248,Event
Al Qiyadah,25.2776673588803,55.3527646281248,Food
Al Qiyadah,25.2776673588803,55.3527646281248,Nightlife Spot
Al Qiyadah,25.2776673588803,55.3527646281248,Outdoors & Recreation
Al Qiyadah,25.2776673588803,55.3527646281248,Professional & Other Places
Al Qiyadah,25.2776673588803,55.3527646281248,Residence
Al Qiyadah,25.2776673588803,55.3527646281248,Shop & Service
Al Qiyadah,25.2776673588803,55.3527646281248,Travel & Transport
Abu Hail,25.2752415852442,55.3462675881381,Arts & Entertainment
Abu Hail,25.2752415852442,55.3462675881381,College & University
Abu Hail,25.2752415852442,55.3462675881381,Event
Abu Hail,25.2752415852442,55.3462675881381,Food
Abu Hail,25.2752415852442,55.3462675881381,Nightlife Spot
Abu Hail,25.2752415852442,55.3462675881381,Outdoors & Recreation
Abu Hail,25.2752415852442,55.3462675881381,Professional & Other Places
Abu Hail,25.2752415852442,55.3462675881381,Residence
Abu Hail,25.2752415852442,55.3462675881381,Shop & Service
Abu Hail,25.2752415852442,55.3462675881381,Travel & Transport
Abu Baker Al Siddique,25.270903837356,55.332983016961,Arts & Entertainment
Abu Baker Al Siddique,25.270903837356,55.332983016961,College & University
Abu Baker Al Siddique,25.270903837356,55.332983016961,Event
Abu Baker Al Siddique,25.270903837356,55.332983016961,Food
Abu Baker Al Siddique,25.270903837356,55.332983016961,Nightlife Spot
Abu Baker Al Siddique,25.270903837356,55.332983016961,Outdoors & Recreation
Abu Baker Al Siddique,25.270903837356,55.332983016961,Professional & Other Places
Abu Baker Al Siddique,25.270903837356,55.332983016961,Residence
Abu Baker Al Siddique,25.270903837356,55.332983016961,Shop & Service
Abu Baker Al Siddique,25.270903837356,55.332983016961,Travel & Transport
Salah Al Din,25.2703452035284,55.3206686042492,Arts & Entertainment
Salah Al Din,25.2703452035284,55.3206686042492,College & University
Salah Al Din,25.2703452035284,55.3206686042492,Event
Salah Al Din,25.2703452035284,55.3206686042492,Food
Salah Al Din,25.2703452035284,55.3206686042492,Nightlife Spot
Salah Al Din,25.2703452035284,55.3206686042492,Outdoors & Recreation
Salah Al Din,25.2703452035284,55.3206686042492,Professional & Other Places
Salah Al Din,25.2703452035284,55.3206686042492,Residence
Salah Al Din,25.2703452035284,55.3206686042492,Shop & Service
Salah Al Din,25.2703452035284,55.3206686042492,Travel & Transport
Union,25.2663356204958,55.3139027888538,Arts & Entertainment
Union,25.2663356204958,55.3139027888538,College & University
Union,25.2663356204958,55.3139027888538,Event
Union,25.2663356204958,55.3139027888538,Food
Union,25.2663356204958,55.3139027888538,Nightlife Spot
Union,25.2663356204958,55.3139027888538,Outdoors & Recreation
Union,25.2663356204958,55.3139027888538,Professional & Other Places
Union,25.2663356204958,55.3139027888538,Residence
Union,25.2663356204958,55.3139027888538,Shop & Service
Union,25.2663356204958,55.3139027888538,Travel & Transport
Baniyas Square,25.2694158776917,55.307602065776,Arts & Entertainment
Baniyas Square,25.2694158776917,55.307602065776,College & University
Baniyas Square,25.2694158776917,55.307602065776,Event
Baniyas Square,25.2694158776917,55.307602065776,Food
Baniyas Square,25.2694158776917,55.307602065776,Nightlife Spot
Baniyas Square,25.2694158776917,55.307602065776,Outdoors & Recreation
Baniyas Square,25.2694158776917,55.307602065776,Professional & Other Places
Baniyas Square,25.2694158776917,55.307602065776,Residence
Baniyas Square,25.2694158776917,55.307602065776,Shop & Service
Baniyas Square,25.2694158776917,55.307602065776,Travel & Transport
Gold Souq,25.276195589844,55.3017779183856,Arts & Entertainment
Gold Souq,25.276195589844,55.3017779183856,College & University
Gold Souq,25.276195589844,55.3017779183856,Event
Gold Souq,25.276195589844,55.3017779183856,Food
Gold Souq,25.276195589844,55.3017779183856,Nightlife Spot
Gold Souq,25.276195589844,55.3017779183856,Outdoors & Recreation
Gold Souq,25.276195589844,55.3017779183856,Professional & Other Places
Gold Souq,25.276195589844,55.3017779183856,Residence
Gold Souq,25.276195589844,55.3017779183856,Shop & Service
Gold Souq,25.276195589844,55.3017779183856,Travel & Transport
Al Ras,25.2688622375564,55.2937277078745,Arts & Entertainment
Al Ras,25.2688622375564,55.2937277078745,College & University
Al Ras,25.2688622375564,55.2937277078745,Event
Al Ras,25.2688622375564,55.2937277078745,Food
Al Ras,25.2688622375564,55.2937277078745,Nightlife Spot
Al Ras,25.2688622375564,55.2937277078745,Outdoors & Recreation
Al Ras,25.2688622375564,55.2937277078745,Professional & Other Places
Al Ras,25.2688622375564,55.2937277078745,Residence
Al Ras,25.2688622375564,55.2937277078745,Shop & Service
Al Ras,25.2688622375564,55.2937277078745,Travel & Transport
Al Ghubaiba,25.2650853837246,55.2889535222212,Arts & Entertainment
Al Ghubaiba,25.2650853837246,55.2889535222212,College & University
Al Ghubaiba,25.2650853837246,55.2889535222212,Event
Al Ghubaiba,25.2650853837246,55.2889535222212,Food
Al Ghubaiba,25.2650853837246,55.2889535222212,Nightlife Spot
Al Ghubaiba,25.2650853837246,55.2889535222212,Outdoors & Recreation
Al Ghubaiba,25.2650853837246,55.2889535222212,Professional & Other Places
Al Ghubaiba,25.2650853837246,55.2889535222212,Residence
Al Ghubaiba,25.2650853837246,55.2889535222212,Shop & Service
Al Ghubaiba,25.2650853837246,55.2889535222212,Travel & Transport
Al Fahidi,25.2583014052076,55.2975589941484,Arts & Entertainment
Al Fahidi,25.2583014052076,55.2975589941484,College & University
Al Fahidi,25.2583014052076,55.2975589941484,Event
Al Fahidi,25.2583014052076,55.2975589941484,Food
Al Fahidi,25.2583014052076,55.2975589941484,Nightlife Spot
Al Fahidi,25.2583014052076,55.2975589941484,Outdoors & Recreation
Al Fahidi,25.2583014052076,55.2975589941484,Professional & Other Places
Al Fahidi,25.2583014052076,55.2975589941484,Residence
Al Fahidi,25.2583014052076,55.2975589941484,Shop & Service
Al Fahidi,25.2583014052076,55.2975589941484,Travel & Transport
BurJuman,25.2548557351733,55.3042525286521,Arts & Entertainment
BurJuman,25.2548557351733,55.3042525286521,College & University
BurJuman,25.2548557351733,55.3042525286521,Event
BurJuman,25.2548557351733,55.3042525286521,Food
BurJuman,25.2548557351733,55.3042525286521,Nightlife Spot
BurJuman,25.2548557351733,55.3042525286521,Outdoors & Recreation
BurJuman,25.2548557351733,55.3042525286521,Professional & Other Places
BurJuman,25.2548557351733,55.3042525286521,Residence
BurJuman,25.2548557351733,55.3042525286521,Shop & Service
BurJuman,25.2548557351733,55.3042525286521,Travel & Transport
Oud Metha,25.2436671638229,55.3159566453886,Arts & Entertainment
Oud Metha,25.2436671638229,55.3159566453886,College & University
Oud Metha,25.2436671638229,55.3159566453886,Event
Oud Metha,25.2436671638229,55.3159566453886,Food
Oud Metha,25.2436671638229,55.3159566453886,Nightlife Spot
Oud Metha,25.2436671638229,55.3159566453886,Outdoors & Recreation
Oud Metha,25.2436671638229,55.3159566453886,Professional & Other Places
Oud Metha,25.2436671638229,55.3159566453886,Residence
Oud Metha,25.2436671638229,55.3159566453886,Shop & Service
Oud Metha,25.2436671638229,55.3159566453886,Travel & Transport
Dubai Health Care,25.2309030025053,55.3228668688791,Arts & Entertainment
Dubai Health Care,25.2309030025053,55.3228668688791,College & University
Dubai Health Care,25.2309030025053,55.3228668688791,Event
Dubai Health Care,25.2309030025053,55.3228668688791,Food
Dubai Health Care,25.2309030025053,55.3228668688791,Nightlife Spot
Dubai Health Care,25.2309030025053,55.3228668688791,Outdoors & Recreation
Dubai Health Care,25.2309030025053,55.3228668688791,Professional & Other Places
Dubai Health Care,25.2309030025053,55.3228668688791,Residence
Dubai Health Care,25.2309030025053,55.3228668688791,Shop & Service
Dubai Health Care,25.2309030025053,55.3228668688791,Travel & Transport
Al Jadaf,25.2249775722996,55.3336743465696,Arts & Entertainment
Al Jadaf,25.2249775722996,55.3336743465696,College & University
Al Jadaf,25.2249775722996,55.3336743465696,Event
Al Jadaf,25.2249775722996,55.3336743465696,Food
Al Jadaf,25.2249775722996,55.3336743465696,Nightlife Spot
Al Jadaf,25.2249775722996,55.3336743465696,Outdoors & Recreation
Al Jadaf,25.2249775722996,55.3336743465696,Professional & Other Places
Al Jadaf,25.2249775722996,55.3336743465696,Residence
Al Jadaf,25.2249775722996,55.3336743465696,Shop & Service
Al Jadaf,25.2249775722996,55.3336743465696,Travel & Transport
Creek,25.2189489282659,55.3389528013223,Arts & Entertainment
Creek,25.2189489282659,55.3389528013223,College & University
Creek,25.2189489282659,55.3389528013223,Event
Creek,25.2189489282659,55.3389528013223,Food
Creek,25.2189489282659,55.3389528013223,Nightlife Spot
Creek,25.2189489282659,55.3389528013223,Outdoors & Recreation
Creek,25.2189489282659,55.3389528013223,Professional & Other Places
Creek,25.2189489282659,55.3389528013223,Residence
Creek,25.2189489282659,55.3389528013223,Shop & Service
Creek,25.2189489282659,55.3389528013223,Travel & Transport
Rashidiya,25.2302229156378,55.3911980581609,Arts & Entertainment
Rashidiya,25.2302229156378,55.3911980581609,College & University
Rashidiya,25.2302229156378,55.3911980581609,Event
Rashidiya,25.2302229156378,55.3911980581609,Food
Rashidiya,25.2302229156378,55.3911980581609,Nightlife Spot
Rashidiya,25.2302229156378,55.3911980581609,Outdoors & Recreation
Rashidiya,25.2302229156378,55.3911980581609,Professional & Other Places
Rashidiya,25.2302229156378,55.3911980581609,Residence
Rashidiya,25.2302229156378,55.3911980581609,Shop & Service
Rashidiya,25.2302229156378,55.3911980581609,Travel & Transport
Emirates,25.2410593743391,55.3657269700301,Arts & Entertainment
Emirates,25.2410593743391,55.3657269700301,College & University
Emirates,25.2410593743391,55.3657269700301,Event
Emirates,25.2410593743391,55.3657269700301,Food
Emirates,25.2410593743391,55.3657269700301,Nightlife Spot
Emirates,25.2410593743391,55.3657269700301,Outdoors & Recreation
Emirates,25.2410593743391,55.3657269700301,Professional & Other Places
Emirates,25.2410593743391,55.3657269700301,Residence
Emirates,25.2410593743391,55.3657269700301,Shop & Service
Emirates,25.2410593743391,55.3657269700301,Travel & Transport
Airport Terminal 3,25.2450126641517,55.3595259814417,Arts & Entertainment
Airport Terminal 3,25.2450126641517,55.3595259814417,College & University
Airport Terminal 3,25.2450126641517,55.3595259814417,Event
Airport Terminal 3,25.2450126641517,55.3595259814417,Food
Airport Terminal 3,25.2450126641517,55.3595259814417,Nightlife Spot
Airport Terminal 3,25.2450126641517,55.3595259814417,Outdoors & Recreation
Airport Terminal 3,25.2450126641517,55.3595259814417,Professional & Other Places
Airport Terminal 3,25.2450126641517,55.3595259814417,Residence
Airport Terminal 3,25.2450126641517,55.3595259814417,Shop & Service
Airport Terminal 3,25.2450126641517,55.3595259814417,Travel & Transport
Airport Terminal 1,25.2484279923512,55.3524744810233,Arts & Entertainment
Airport Terminal 1,25.2484279923512,55.3524744810233,College & University
Airport Terminal 1,25.2484279923512,55.3524744810233,Event
Airport Terminal 1,25.2484279923512,55.3524744810233,Food
Airport Terminal 1,25.2484279923512,55.3524744810233,Nightlife Spot
Airport Terminal 1,25.2484279923512,55.3524744810233,Outdoors & Recreation
Airport Terminal 1,25.2484279923512,55.3524744810233,Professional & Other Places
Airport Terminal 1,25.2484279923512,55.3524744810233,Residence
Airport Terminal 1,25.2484279923512,55.3524744810233,Shop & Service
Airport Terminal 1,25.2484279923512,55.3524744810233,Travel & Transport
GGICO,25.2494971229491,55.3400337670553,Arts & Entertainment
GGICO,25.2494971229491,55.3400337670553,College & University
GGICO,25.2494971229491,55.3400337670553,Event
GGICO,25.2494971229491,55.3400337670553,Food
GGICO,25.2494971229491,55.3400337670553,Nightlife Spot
GGICO,25.2494971229491,55.3400337670553,Outdoors & Recreation
GGICO,25.2494971229491,55.3400337670553,Professional & Other Places
GGICO,25.2494971229491,55.3400337670553,Residence
GGICO,25.2494971229491,55.3400337670553,Shop & Service
GGICO,25.2494971229491,55.3400337670553,Travel & Transport
Deira City Centre,25.2543036508254,55.3300770562596,Arts & Entertainment
Deira City Centre,25.2543036508254,55.3300770562596,College & University
Deira City Centre,25.2543036508254,55.3300770562596,Event
Deira City Centre,25.2543036508254,55.3300770562596,Food
Deira City Centre,25.2543036508254,55.3300770562596,Nightlife Spot
Deira City Centre,25.2543036508254,55.3300770562596,Outdoors & Recreation
Deira City Centre,25.2543036508254,55.3300770562596,Professional & Other Places
Deira City Centre,25.2543036508254,55.3300770562596,Residence
Deira City Centre,25.2543036508254,55.3300770562596,Shop & Service
Deira City Centre,25.2543036508254,55.3300770562596,Travel & Transport
Al Rigga,25.2632611406868,55.3241228689007,Arts & Entertainment
Al Rigga,25.2632611406868,55.3241228689007,College & University
Al Rigga,25.2632611406868,55.3241228689007,Event
Al Rigga,25.2632611406868,55.3241228689007,Food
Al Rigga,25.2632611406868,55.3241228689007,Nightlife Spot
Al Rigga,25.2632611406868,55.3241228689007,Outdoors & Recreation
Al Rigga,25.2632611406868,55.3241228689007,Professional & Other Places
Al Rigga,25.2632611406868,55.3241228689007,Residence
Al Rigga,25.2632611406868,55.3241228689007,Shop & Service
Al Rigga,25.2632611406868,55.3241228689007,Travel & Transport
Abu Dhabi Commercial Bank,25.244493559729,55.2981959865435,Arts & Entertainment
Abu Dhabi Commercial Bank,25.244493559729,55.2981959865435,College & University
Abu Dhabi Commercial Bank,25.244493559729,55.2981959865435,Event
Abu Dhabi Commercial Bank,25.244493559729,55.2981959865435,Food
Abu Dhabi Commercial Bank,25.244493559729,55.2981959865435,Nightlife Spot
Abu Dhabi Commercial Bank,25.244493559729,55.2981959865435,Outdoors & Recreation
Abu Dhabi Commercial Bank,25.244493559729,55.2981959865435,Professional & Other Places
Abu Dhabi Commercial Bank,25.244493559729,55.2981959865435,Residence
Abu Dhabi Commercial Bank,25.244493559729,55.2981959865435,Shop & Service
Abu Dhabi Commercial Bank,25.244493559729,55.2981959865435,Travel & Transport
Al Jafiliya,25.2334968432833,55.2921315806077,Arts & Entertainment
Al Jafiliya,25.2334968432833,55.2921315806077,College & University
Al Jafiliya,25.2334968432833,55.2921315806077,Event
Al Jafiliya,25.2334968432833,55.2921315806077,Food
Al Jafiliya,25.2334968432833,55.2921315806077,Nightlife Spot
Al Jafiliya,25.2334968432833,55.2921315806077,Outdoors & Recreation
Al Jafiliya,25.2334968432833,55.2921315806077,Professional & Other Places
Al Jafiliya,25.2334968432833,55.2921315806077,Residence
Al Jafiliya,25.2334968432833,55.2921315806077,Shop & Service
Al Jafiliya,25.2334968432833,55.2921315806077,Travel & Transport
World Trade Centre,25.2248288751576,55.2850609836391,Arts & Entertainment
World Trade Centre,25.2248288751576,55.2850609836391,College & University
World Trade Centre,25.2248288751576,55.2850609836391,Event
World Trade Centre,25.2248288751576,55.2850609836391,Food
World Trade Centre,25.2248288751576,55.2850609836391,Nightlife Spot
World Trade Centre,25.2248288751576,55.2850609836391,Outdoors & Recreation
World Trade Centre,25.2248288751576,55.2850609836391,Professional & Other Places
World Trade Centre,25.2248288751576,55.2850609836391,Residence
World Trade Centre,25.2248288751576,55.2850609836391,Shop & Service
World Trade Centre,25.2248288751576,55.2850609836391,Travel & Transport
Emirates Towers,25.2172144667154,55.2798209721383,Arts & Entertainment
Emirates Towers,25.2172144667154,55.2798209721383,College & University
Emirates Towers,25.2172144667154,55.2798209721383,Event
Emirates Towers,25.2172144667154,55.2798209721383,Food
Emirates Towers,25.2172144667154,55.2798209721383,Nightlife Spot
Emirates Towers,25.2172144667154,55.2798209721383,Outdoors & Recreation
Emirates Towers,25.2172144667154,55.2798209721383,Professional & Other Places
Emirates Towers,25.2172144667154,55.2798209721383,Residence
Emirates Towers,25.2172144667154,55.2798209721383,Shop & Service
Emirates Towers,25.2172144667154,55.2798209721383,Travel & Transport
Financial Centre,25.2110301680928,55.2755866549779,Arts & Entertainment
Financial Centre,25.2110301680928,55.2755866549779,College & University
Financial Centre,25.2110301680928,55.2755866549779,Event
Financial Centre,25.2110301680928,55.2755866549779,Food
Financial Centre,25.2110301680928,55.2755866549779,Nightlife Spot
Financial Centre,25.2110301680928,55.2755866549779,Outdoors & Recreation
Financial Centre,25.2110301680928,55.2755866549779,Professional & Other Places
Financial Centre,25.2110301680928,55.2755866549779,Residence
Financial Centre,25.2110301680928,55.2755866549779,Shop & Service
Financial Centre,25.2110301680928,55.2755866549779,Travel & Transport
Burj Khalifa / Dubai Mall,25.2014008833475,55.2695181659011,Arts & Entertainment
Burj Khalifa / Dubai Mall,25.2014008833475,55.2695181659011,College & University
Burj Khalifa / Dubai Mall,25.2014008833475,55.2695181659011,Event
Burj Khalifa / Dubai Mall,25.2014008833475,55.2695181659011,Food
Burj Khalifa / Dubai Mall,25.2014008833475,55.2695181659011,Nightlife Spot
Burj Khalifa / Dubai Mall,25.2014008833475,55.2695181659011,Outdoors & Recreation
Burj Khalifa / Dubai Mall,25.2014008833475,55.2695181659011,Professional & Other Places
Burj Khalifa / Dubai Mall,25.2014008833475,55.2695181659011,Residence
Burj Khalifa / Dubai Mall,25.2014008833475,55.2695181659011,Shop & Service
Burj Khalifa / Dubai Mall,25.2014008833475,55.2695181659011,Travel & Transport
Business Bay,25.1912745797504,55.2604185581496,Arts & Entertainment
Business Bay,25.1912745797504,55.2604185581496,College & University
Business Bay,25.1912745797504,55.2604185581496,Event
Business Bay,25.1912745797504,55.2604185581496,Food
Business Bay,25.1912745797504,55.2604185581496,Nightlife Spot
Business Bay,25.1912745797504,55.2604185581496,Outdoors & Recreation
Business Bay,25.1912745797504,55.2604185581496,Professional & Other Places
Business Bay,25.1912745797504,55.2604185581496,Residence
Business Bay,25.1912745797504,55.2604185581496,Shop & Service
Business Bay,25.1912745797504,55.2604185581496,Travel & Transport
Noor Bank,25.155727126446,55.2285087216715,Arts & Entertainment
Noor Bank,25.155727126446,55.2285087216715,College & University
Noor Bank,25.155727126446,55.2285087216715,Event
Noor Bank,25.155727126446,55.2285087216715,Food
Noor Bank,25.155727126446,55.2285087216715,Nightlife Spot
Noor Bank,25.155727126446,55.2285087216715,Outdoors & Recreation
Noor Bank,25.155727126446,55.2285087216715,Professional & Other Places
Noor Bank,25.155727126446,55.2285087216715,Residence
Noor Bank,25.155727126446,55.2285087216715,Shop & Service
Noor Bank,25.155727126446,55.2285087216715,Travel & Transport
FGB,25.126721479885,55.2078980008681,Arts & Entertainment
FGB,25.126721479885,55.2078980008681,College & University
FGB,25.126721479885,55.2078980008681,Event
FGB,25.126721479885,55.2078980008681,Food
FGB,25.126721479885,55.2078980008681,Nightlife Spot
FGB,25.126721479885,55.2078980008681,Outdoors & Recreation
FGB,25.126721479885,55.2078980008681,Professional & Other Places
FGB,25.126721479885,55.2078980008681,Residence
FGB,25.126721479885,55.2078980008681,Shop & Service
FGB,25.126721479885,55.2078980008681,Travel & Transport
Mall of the Emirates,25.1212312705607,55.2004431935454,Arts & Entertainment
Mall of the Emirates,25.1212312705607,55.2004431935454,College & University
Mall of the Emirates,25.1212312705607,55.2004431935454,Event
Mall of the Emirates,25.1212312705607,55.2004431935454,Food
Mall of the Emirates,25.1212312705607,55.2004431935454,Nightlife Spot
Mall of the Emirates,25.1212312705607,55.2004431935454,Outdoors & Recreation
Mall of the Emirates,25.1212312705607,55.2004431935454,Professional & Other Places
Mall of the Emirates,25.1212312705607,55.2004431935454,Residence
Mall of the Emirates,25.1212312705607,55.2004431935454,Shop & Service
Mall of the Emirates,25.1212312705607,55.2004431935454,Travel & Transport
Mashreq,25.1148094971836,55.1909310963335,Arts & Entertainment
Mashreq,25.1148094971836,55.1909310963335,College & University
Mashreq,25.1148094971836,55.1909310963335,Event
Mashreq,25.1148094971836,55.1909310963335,Food
Mashreq,25.1148094971836,55.1909310963335,Nightlife Spot
Mashreq,25.1148094971836,55.1909310963335,Outdoors & Recreation
Mashreq,25.1148094971836,55.1909310963335,Professional & Other Places
Mashreq,25.1148094971836,55.1909310963335,Residence
Mashreq,25.1148094971836,55.1909310963335,Shop & Service
Mashreq,25.1148094971836,55.1909310963335,Travel & Transport
Dubai Internet City,25.1020954963727,55.1737814679061,Arts & Entertainment
Dubai Internet City,25.1020954963727,55.1737814679061,College & University
Dubai Internet City,25.1020954963727,55.1737814679061,Event
Dubai Internet City,25.1020954963727,55.1737814679061,Food
Dubai Internet City,25.1020954963727,55.1737814679061,Nightlife Spot
Dubai Internet City,25.1020954963727,55.1737814679061,Outdoors & Recreation
Dubai Internet City,25.1020954963727,55.1737814679061,Professional & Other Places
Dubai Internet City,25.1020954963727,55.1737814679061,Residence
Dubai Internet City,25.1020954963727,55.1737814679061,Shop & Service
Dubai Internet City,25.1020954963727,55.1737814679061,Travel & Transport
Nakheel,25.0889168895102,55.1580262856936,Arts & Entertainment
Nakheel,25.0889168895102,55.1580262856936,College & University
Nakheel,25.0889168895102,55.1580262856936,Event
Nakheel,25.0889168895102,55.1580262856936,Food
Nakheel,25.0889168895102,55.1580262856936,Nightlife Spot
Nakheel,25.0889168895102,55.1580262856936,Outdoors & Recreation
Nakheel,25.0889168895102,55.1580262856936,Professional & Other Places
Nakheel,25.0889168895102,55.1580262856936,Residence
Nakheel,25.0889168895102,55.1580262856936,Shop & Service
Nakheel,25.0889168895102,55.1580262856936,Travel & Transport
DAMAC,25.0799290793588,55.1475227139943,Arts & Entertainment
DAMAC,25.0799290793588,55.1475227139943,College & University
DAMAC,25.0799290793588,55.1475227139943,Event
DAMAC,25.0799290793588,55.1475227139943,Food
DAMAC,25.0799290793588,55.1475227139943,Nightlife Spot
DAMAC,25.0799290793588,55.1475227139943,Outdoors & Recreation
DAMAC,25.0799290793588,55.1475227139943,Professional & Other Places
DAMAC,25.0799290793588,55.1475227139943,Residence
DAMAC,25.0799290793588,55.1475227139943,Shop & Service
DAMAC,25.0799290793588,55.1475227139943,Travel & Transport
DMCC,25.0708243451254,55.1386726700319,Arts & Entertainment
DMCC,25.0708243451254,55.1386726700319,College & University
DMCC,25.0708243451254,55.1386726700319,Event
DMCC,25.0708243451254,55.1386726700319,Food
DMCC,25.0708243451254,55.1386726700319,Nightlife Spot
DMCC,25.0708243451254,55.1386726700319,Outdoors & Recreation
DMCC,25.0708243451254,55.1386726700319,Professional & Other Places
DMCC,25.0708243451254,55.1386726700319,Residence
DMCC,25.0708243451254,55.1386726700319,Shop & Service
DMCC,25.0708243451254,55.1386726700319,Travel & Transport
Jabal Ali,25.0578530685375,55.1271734502593,Arts & Entertainment
Jabal Ali,25.0578530685375,55.1271734502593,College & University
Jabal Ali,25.0578530685375,55.1271734502593,Event
Jabal Ali,25.0578530685375,55.1271734502593,Food
Jabal Ali,25.0578530685375,55.1271734502593,Nightlife Spot
Jabal Ali,25.0578530685375,55.1271734502593,Outdoors & Recreation
Jabal Ali,25.0578530685375,55.1271734502593,Professional & Other Places
Jabal Ali,25.0578530685375,55.1271734502593,Residence
Jabal Ali,25.0578530685375,55.1271734502593,Shop & Service
Jabal Ali,25.0578530685375,55.1271734502593,Travel & Transport
Ibn Battuta,25.0467258556195,55.1175279089437,Arts & Entertainment
Ibn Battuta,25.0467258556195,55.1175279089437,College & University
Ibn Battuta,25.0467258556195,55.1175279089437,Event
Ibn Battuta,25.0467258556195,55.1175279089437,Food
Ibn Battuta,25.0467258556195,55.1175279089437,Nightlife Spot
Ibn Battuta,25.0467258556195,55.1175279089437,Outdoors & Recreation
Ibn Battuta,25.0467258556195,55.1175279089437,Professional & Other Places
Ibn Battuta,25.0467258556195,55.1175279089437,Residence
Ibn Battuta,25.0467258556195,55.1175279089437,Shop & Service
Ibn Battuta,25.0467258556195,55.1175279089437,Travel & Transport
Energy,25.0262906333183,55.1012474381103,Arts & Entertainment
Energy,25.0262906333183,55.1012474381103,College & University
Energy,25.0262906333183,55.1012474381103,Event
Energy,25.0262906333183,55.1012474381103,Food
Energy,25.0262906333183,55.1012474381103,Nightlife Spot
Energy,25.0262906333183,55.1012474381103,Outdoors & Recreation
Energy,25.0262906333183,55.1012474381103,Professional & Other Places
Energy,25.0262906333183,55.1012474381103,Residence
Energy,25.0262906333183,55.1012474381103,Shop & Service
Energy,25.0262906333183,55.1012474381103,Travel & Transport
Danube,25.0012910551669,55.0956978985296,Arts & Entertainment
Danube,25.0012910551669,55.0956978985296,College & University
Danube,25.0012910551669,55.0956978985296,Event
Danube,25.0012910551669,55.0956978985296,Food
Danube,25.0012910551669,55.0956978985296,Nightlife Spot
Danube,25.0012910551669,55.0956978985296,Outdoors & Recreation
Danube,25.0012910551669,55.0956978985296,Professional & Other Places
Danube,25.0012910551669,55.0956978985296,Residence
Danube,25.0012910551669,55.0956978985296,Shop & Service
Danube,25.0012910551669,55.0956978985296,Travel & Transport
UAE Exchange,24.9775243243821,55.0910408906582,Arts & Entertainment
UAE Exchange,24.9775243243821,55.0910408906582,College & University
UAE Exchange,24.9775243243821,55.0910408906582,Event
UAE Exchange,24.9775243243821,55.0910408906582,Food
UAE Exchange,24.9775243243821,55.0910408906582,Nightlife Spot
UAE Exchange,24.9775243243821,55.0910408906582,Outdoors & Recreation
UAE Exchange,24.9775243243821,55.0910408906582,Professional & Other Places
UAE Exchange,24.9775243243821,55.0910408906582,Residence
UAE Exchange,24.9775243243821,55.0910408906582,Shop & Service
UAE Exchange,24.9775243243821,55.0910408906582,Travel & Transport
Station R70,25.0434380845794,55.1350507954733,Arts & Entertainment
Station R70,25.0434380845794,55.1350507954733,College & University
Station R70,25.0434380845794,55.1350507954733,Event
Station R70,25.0434380845794,55.1350507954733,Food
Station R70,25.0434380845794,55.1350507954733,Nightlife Spot
Station R70,25.0434380845794,55.1350507954733,Outdoors & Recreation
Station R70,25.0434380845794,55.1350507954733,Professional & Other Places
Station R70,25.0434380845794,55.1350507954733,Residence
Station R70,25.0434380845794,55.1350507954733,Shop & Service
Station R70,25.0434380845794,55.1350507954733,Travel & Transport
Stations R71,25.0352240803185,55.1453181683779,Arts & Entertainment
Stations R71,25.0352240803185,55.1453181683779,College & University
Stations R71,25.0352240803185,55.1453181683779,Event
Stations R71,25.0352240803185,55.1453181683779,Food
Stations R71,25.0352240803185,55.1453181683779,Nightlife Spot
Stations R71,25.0352240803185,55.1453181683779,Outdoors & Recreation
Stations R71,25.0352240803185,55.1453181683779,Professional & Other Places
Stations R71,25.0352240803185,55.1453181683779,Residence
Stations R71,25.0352240803185,55.1453181683779,Shop & Service
Stations R71,25.0352240803185,55.1453181683779,Travel & Transport
Stations R72,25.0304517839174,55.1521941561783,Arts & Entertainment
Stations R72,25.0304517839174,55.1521941561783,College & University
Stations R72,25.0304517839174,55.1521941561783,Event
Stations R72,25.0304517839174,55.1521941561783,Food
Stations R72,25.0304517839174,55.1521941561783,Nightlife Spot
Stations R72,25.0304517839174,55.1521941561783,Outdoors & Recreation
Stations R72,25.0304517839174,55.1521941561783,Professional & Other Places
Stations R72,25.0304517839174,55.1521941561783,Residence
Stations R72,25.0304517839174,55.1521941561783,Shop & Service
Stations R72,25.0304517839174,55.1521941561783,Travel & Transport
Station R73,25.0177968142054,55.1633514038594,Arts & Entertainment
Station R73,25.0177968142054,55.1633514038594,College & University
Station R73,25.0177968142054,55.1633514038594,Event
Station R73,25.0177968142054,55.1633514038594,Food
Station R73,25.0177968142054,55.1633514038594,Nightlife Spot
Station R73,25.0177968142054,55.1633514038594,Outdoors & Recreation
Station R73,25.0177968142054,55.1633514038594,Professional & Other Places
Station R73,25.0177968142054,55.1633514038594,Residence
Station R73,25.0177968142054,55.1633514038594,Shop & Service
Station R73,25.0177968142054,55.1633514038594,Travel & Transport
Station R74,25.0057961665976,55.1558410655273,Arts & Entertainment
Station R74,25.0057961665976,55.1558410655273,College & University
Station R74,25.0057961665976,55.1558410655273,Event
Station R74,25.0057961665976,55.1558410655273,Food
Station R74,25.0057961665976,55.1558410655273,Nightlife Spot
Station R74,25.0057961665976,55.1558410655273,Outdoors & Recreation
Station R74,25.0057961665976,55.1558410655273,Professional & Other Places
Station R74,25.0057961665976,55.1558410655273,Residence
Station R74,25.0057961665976,55.1558410655273,Shop & Service
Station R74,25.0057961665976,55.1558410655273,Travel & Transport
Station R75,24.9840139598227,55.1491355013711,Arts & Entertainment
Station R75,24.9840139598227,55.1491355013711,College & University
Station R75,24.9840139598227,55.1491355013711,Event
Station R75,24.9840139598227,55.1491355013711,Food
Station R75,24.9840139598227,55.1491355013711,Nightlife Spot
Station R75,24.9840139598227,55.1491355013711,Outdoors & Recreation
Station R75,24.9840139598227,55.1491355013711,Professional & Other Places
Station R75,24.9840139598227,55.1491355013711,Residence
Station R75,24.9840139598227,55.1491355013711,Shop & Service
Station R75,24.9840139598227,55.1491355013711,Travel & Transport
