school_name,location,latitude,longitude,grades,students,year_established,type_of_school,nearest_healthcare_name,nearest_healthcare_type,nearest_healthcare_distance_km,healthcare_within_1km,healthcare_within_2km,healthcare_within_5km,total_healthcare_facilities,nearest_metro_station,nearest_metro_distance_km,metro_within_1km,metro_within_2km,metro_within_5km,total_metro_stations,hospitals_within_5km,clinics_within_5km,pharmacies_within_5km,food_venues_within_5km,shopping_venues_within_5km,entertainment_venues_within_5km,accessibility_score,healthcare_accessibility_score,metro_accessibility_score,overall_urban_score,nearest_community,nearest_community_distance_km,nearest_community_population,communities_within_1km,communities_within_2km,communities_within_5km,population_within_1km,population_within_2km,population_within_5km,avg_distance_to_communities_km,community_accessibility_score,community_density_score,overall_community_score
Adab Iranian Private School - Boys,Al Qusais,25.276381,55.368653,KG1-G12,260.0,1989.0,Iranian,Adab Iranian Pvt. School,Nursing,0.044365103538283,18,83,318,2312,Al Nahda,0.3523910115457023,30,40,150,540,0,19,6,15,15,15,0.2291806483427346,0.035,0.282,1.156,DUBAI  AIRPORT,2.6093148402111654,22,0,0,14,0,0,209383,51.720248710671115,4.0,2.0,3.2
Adab Iranian Private School - Girls,Al Qusais,25.276431,55.369036,KG1-G12,192.0,1989.0,Iranian,Adab Iranian Pvt. School,Nursing,0.0785663364395044,19,83,314,2312,Al Nahda,0.3524317632139666,30,40,150,540,0,19,6,15,15,15,0.2428855925041817,0.063,0.282,1.155,DUBAI  AIRPORT,2.6199275980039087,22,0,0,14,0,0,209383,51.705505899929214,4.0,2.0,3.2
Al Ameen Private School,Al Nahda,25.290983,55.378581,FS1-G10,613.0,1992.0,UK,M S B Private School,General Practice,0.0331387717243538,28,69,167,2312,Al Nahda,2.1773559146506933,0,0,70,540,0,7,3,7,7,7,1.3196690574801575,0.027,2.177,0.877,AL QUSAIS IND. FOURTH,3.5877708006857594,2709,0,0,10,0,0,243319,50.67116218199295,4.0,2.0,3.2
Al Arqam Private School,Al Barsha ,25.108514,55.189206,KG1-G12,922.0,1990.0,MOE,Al Arqam Pvt. School,General Practice,0.0717973026071669,24,94,308,2312,Mashreq,0.7212537663431201,10,30,50,540,0,14,6,5,5,5,0.4614711808487388,0.057,0.577,1.101,AL BARSHAA FIRST,1.397633095351262,39451,0,8,8,0,131088,131088,73.03908175187472,2.7,3.0,2.8200000000000003
Al Basateen Kindergarten - Al Khawaneej,Al Khawaneej,25.231106,55.522533,KG1-KG2,140.0,2003.0,MOE,Dubai Women Association- Al Basateen Private Nursery,Nursing,0.0258921063965895,1,1,5,2312,Etisalat,12.503518102691588,0,0,0,540,0,0,0,0,0,0,7.512467704173589,0.021,12.504,0.399,UM RAMOOL,10.479411291821036,2935,0,0,0,0,0,0,52.91945877419875,5.0,1.0,3.4
Al Diyafah High School,Al Nahda,25.290128,55.374764,FS1-G12,1547.0,1982.0,UK,Al Diyafah High School,General Practice,0.0309974469903344,40,77,176,2312,Stadium,1.9067202782386328,0,20,80,540,0,7,3,8,8,8,1.1564311457393135,0.025,1.716,0.92,AL QUSAIS IND. THIRD,3.3823969937944836,2710,0,0,11,0,0,255792,50.82983890025854,4.0,2.0,3.2
Al Eman Private School,Al Rashidiya,25.230481,55.389272,KG1-G9,494.0,1973.0,MOE,Be You Plus Clinic LLC,General Dentistry,0.109352461559098,6,9,179,2312,Rashidiya,0.195850493800016,10,10,70,540,0,6,1,7,7,7,0.1612512809036488,0.087,0.157,1.102,AL MURQABAT,1.8840701569528038,69771,0,1,12,0,69771,324399,53.913856333833266,3.0,3.0,3.0
Al Ittihad Private School - Al Mamzar,Al Mamzar,25.299889,55.344353,KG1-G12,2065.0,1975.0,US,Al Ittihad Pvt. School Clinic,General Practice,0.0911155029923135,3,18,250,2312,Al Qiyadah,2.611649321963178,0,0,90,540,0,13,2,9,9,9,1.603435794374832,0.073,2.612,0.883,AL QUSAIS IND. SECOND,0.4039306316492856,8834,3,5,15,20913,30784,413552,51.51000781683384,1.0,2.0,1.4
Al Ittihad Private School - Jumeirah,Al Safa,25.180714,55.241033,KG1-G12,1749.0,1998.0,US,Al Ittihad Private School- Jumeira,General Practice,0.1065191161660097,35,111,460,2312,Business Bay,2.2768324518027057,0,0,40,540,0,21,5,4,4,4,1.4087071175480272,0.085,2.277,0.923,BURJ KHALIFA,3.825286439960529,20477,0,0,8,0,0,88826,64.34106004544779,4.0,1.0,2.8
Al Khaleej National School,Al Garhoud,25.234294,55.352911,KG1-G12,2075.0,1992.0,US,Matar Medical Center,General Surgery,0.1223795295325012,15,46,417,2312,Airport Terminal 3,1.3649900607167336,0,30,180,540,0,30,12,18,18,18,0.8679458482430406,0.098,1.228,1.031,CORNICHE DEIRA,0.2921830736865025,14,2,4,13,10494,85331,290729,54.71969726765333,1.0,3.0,1.8000000000000003
Al Maaref Private School,Al Qusais,25.286192,55.367858,KG1-G12,1648.0,1987.0,US,The Millenium School,General Practice,0.0476677819477255,36,85,241,2312,Stadium,1.1263940057665096,0,40,110,540,0,15,5,11,11,11,0.6949035162389959,0.038,1.014,1.063,AL QUSAIS IND. SECOND,3.1581085847187658,8834,0,0,11,0,0,294956,51.2454169564609,4.0,2.0,3.2
Al Mawakeb School - Al Barsha,Al Barsha,25.104503,55.201706,KG1-G12,2515.0,1998.0,US,ALMAWAKEB SCHOOL ALBARSHA,General Practice,0.0289861450875389,21,78,286,2312,Mashreq,1.5780907907243225,0,20,50,540,0,11,5,5,5,5,0.958448932469609,0.023,1.42,0.969,AL BARSHAA FIRST,1.0117288288748576,39451,0,8,8,0,131088,131088,72.56541642852633,2.7,3.0,2.8200000000000003
Al Mawakeb School - Al Garhoud,Al Garhoud,25.234675,55.358314,KG1-G12,2429.0,1995.0,US,Al Mawakeb School,General Practice,0.0837638308885029,7,27,375,2312,Emirates,1.029512508100886,0,30,190,540,0,27,11,19,19,19,0.6512130372159328,0.067,0.927,1.073,CORNICHE DEIRA,0.31288525997558086,14,2,5,12,24761,131516,287888,54.504809622237055,1.0,3.0,1.8000000000000003
Al Rashid Al Saleh Private School,Oud Metha,25.237524,55.317428,KG1-G12,2583.0,1973.0,MOE,Al Rashid Al Saleh Pvt. School Clinic,General Practice,0.0968652143994271,90,188,676,2312,Oud Metha,0.6989350449393369,20,20,230,540,0,58,16,23,23,23,0.4581071127233729,0.077,0.559,1.112,AYAL NASIR,2.0996411357303306,19280,0,0,17,0,0,369202,56.03577343431514,4.0,2.0,3.2
Al Sadiq Islamic English School,Al Qusais,25.265897,55.385764,FS1-G10,1896.0,1989.0,UK,Al Sadiq Islamic English School,General Practice,0.0522089931449363,23,45,226,2312,Al Qusais,0.3991039078937602,10,40,120,540,0,10,6,12,12,12,0.2603459419942307,0.042,0.319,1.15,DUBAI  AIRPORT,2.4937054101791762,22,0,0,4,0,0,35263,51.80522219733205,4.0,1.0,2.8
Al Safa Private School,Al Safa ,25.178439,55.238414,FS1-G6,748.0,2005.0,UK,Jumairah International Nursery- Branch,Nursing,0.1786710910099255,41,102,469,2312,Business Bay,2.634337849276107,0,0,30,540,0,20,5,3,3,3,1.6520711459696344,0.143,2.634,0.877,BURJ KHALIFA,4.178936765719631,20477,0,0,8,0,0,88826,64.67223077461654,4.0,1.0,2.8
Al Salam Private School,Al Nahda,25.288675,55.369481,FS1-G11,1174.0,1989.0,UK,Al Salam Pvt. School,General Practice,0.0250916774769227,33,76,206,2312,Stadium,1.4466397070824588,0,20,100,540,0,11,5,10,10,10,0.8780204952402444,0.02,1.302,1.025,AL QUSAIS IND. THIRD,3.0835367032575784,2710,0,0,12,0,0,301449,51.06967371988914,4.0,2.0,3.2
Al Shorouq Private School,Jumeirah First,25.213097,55.2553,KG1-G12,2096.0,1986.0,MOE,Al Shorooque Pvt. School,General Practice,0.0337445026143259,77,162,494,2312,Burj Khalifa / Dubai Mall,1.9332803344182647,0,10,60,540,0,43,5,6,6,6,1.1734660016966894,0.027,1.74,0.967,JUMEIRA BAY,1.8118524916137417,39,0,7,8,0,68349,88826,61.19964614858159,2.7,3.0,2.8200000000000003
Ambassador Kindergarten,Al Mankhool,25.246404,55.294147,KG1-KG2,293.0,2012.0,Kindergarten,Al Mankhool Medical Center - PHC,Family Medicine,0.1859951812485365,43,169,722,2312,Abu Dhabi Commercial Bank,0.4593031438982068,10,40,200,540,0,57,15,20,20,20,0.3499799588383387,0.149,0.367,1.137,AL TWAR FIRST,1.359455157957869,11509,0,2,16,0,86575,381353,56.74998734011953,3.0,3.0,3.0
Al Mizhar American Academy Private School for Girls,Al Mizhar,25.238386,55.428675,KG1-G12,664.0,2005.0,US,AMERICAN ACADEMY FOR GIRLS (BR TAALEEM MANAGEMENT (L L C) ),Nursing,0.0129790101723146,31,51,115,2312,Etisalat,3.32813079846208,0,0,30,540,0,1,1,3,3,3,2.0020700831461733,0.01,3.328,0.64,HOR AL ANZ,5.127467080297136,83187,0,0,0,0,0,0,52.69588853191279,5.0,1.0,3.4
American International School,Al Qusais,25.283458,55.368764,KG1-G12,2349.0,2003.0,US,American International School,General Practice,0.0196565877910611,36,92,256,2312,Stadium,0.9577430886861048,10,40,120,540,0,15,6,12,12,12,0.5825084883280873,0.016,0.766,1.084,DUBAI  AIRPORT,3.3925619743104294,22,0,0,11,0,0,294956,51.35261571714629,4.0,2.0,3.2
American School of Dubai,Al Barsha ,25.10029,55.182186,KG1-G12,1627.0,1973.0,US,American School Of Dubai,Pediatrics,0.2086449848576748,30,62,288,2312,Dubai Internet City,0.8697704742501712,10,20,60,540,0,16,5,6,6,6,0.6053202784931726,0.167,0.696,1.087,AL BARSHAA FIRST,2.47599790909636,39451,0,0,8,0,0,131088,74.17658654319901,4.0,2.0,3.2
Apple International School,Al Qusais,25.278833,55.374983,FS1-G7,2315.0,1994.0,UK,Apple International School,General Practice,0.0426980855327425,22,90,234,2312,Al Nahda,0.8390432100356453,20,30,120,540,0,12,6,12,12,12,0.5205051602344841,0.034,0.671,1.098,DUBAI  AIRPORT,3.0192877996765524,22,0,0,8,0,0,44892,51.39695130173982,4.0,1.0,2.8
Arab Unity School,Al Mizhar,25.236325,55.429928,FS1-G12,3331.0,1975.0,UK,ARAB UNITY SCHOOL L.L.C,General Practice,0.013688703864486,32,53,113,2312,Etisalat,3.5613403009178546,0,0,20,540,0,1,1,2,2,2,2.142279662096507,0.011,3.561,0.602,AL KHBEESI,5.009832588908054,1992,0,0,0,0,0,0,52.817099538713705,5.0,1.0,3.4
Bradenton Preparatory Academy,Dubai Sports City,25.035053,55.22865,KG1-G12,685.0,2009.0,US,NEW DWIGHT SCHOOL LLC,Nursing,0.0214222574374112,9,34,89,2312,Station R73,6.853266662555233,0,0,0,540,0,2,1,0,0,0,4.120528900508105,0.017,6.853,0.419,AL BARSHAA FIRST,9.140113262103643,39451,0,0,0,0,0,0,77.26822973038188,5.0,1.0,3.4
Buds Public School,Al Muhaisnah,25.240664,55.407408,KG1-G12,896.0,1986.0,Indian(CBSE),Buds Public School,Nursing,0.0244973064010342,4,16,174,2312,Etisalat,1.699094141241969,0,10,60,540,0,3,2,6,6,6,1.029255407305595,0.02,1.529,0.885,REGA AL BUTEEN,3.9607920652107635,7120,0,0,8,0,0,250264,52.872792694417384,4.0,2.0,3.2
Cambridge International School,Al Garhoud,25.235847,55.350853,FS1-G12,2583.0,2004.0,UK,Grammar School,General Practice,0.1478503458969886,15,54,445,2312,Airport Terminal 3,1.3415127170581096,0,40,190,540,0,31,12,19,19,19,0.8640477685936612,0.118,1.207,1.033,AL REGA,0.3922144651504087,10480,2,4,13,10494,85331,290729,54.691386815809736,1.0,3.0,1.8000000000000003
Collegiate American School,Umm Suqeim,25.150553,55.207817,KG1-G9,817.0,2011.0,US,Collegiate American School(Br Of Innoventure Educational Investments(L.L.C),Nursing,0.1166083721063951,68,148,393,2312,Noor Bank,2.1606481155981703,0,0,40,540,0,9,6,4,4,4,1.34303221820146,0.093,2.161,0.866,AL BARSHAA FIRST,4.151935760790938,39451,0,0,8,0,0,131088,68.6608472827219,4.0,2.0,3.2
Crescent English School,Al Qusais,25.281597,55.367514,KG1-G12,1436.0,1984.0,Indian(CBSE),American International School,General Practice,0.2349725438445675,34,90,290,2312,Stadium,0.7307846573711811,20,40,150,540,0,17,6,15,15,15,0.5324598119605357,0.188,0.585,1.103,DUBAI  AIRPORT,3.175844250698886,22,0,0,13,0,0,206980,51.487478776453685,4.0,2.0,3.2
Dar Al Marefa Private School,Mirdif,25.227722,55.431953,KG1-11,529.0,2008.0,IB,Chinese School Clinic,Nursing,0.0635036508065051,34,57,119,2312,Rashidiya,4.108888541858472,0,0,20,540,0,1,1,2,2,2,2.4907345854376857,0.051,4.109,0.534,AL KHBEESI,4.385236086473763,1992,0,0,5,0,0,116451,53.37558529752467,4.0,2.0,3.2
Deira International School,Ras Al Khor,25.212747,55.373747,FS1-G12,1493.0,2005.0,UK/IB,Deira International School-Dubai Festival City,General Practice,0.1428037540696028,8,12,113,2312,Rashidiya,2.6187519301021904,0,0,60,540,0,5,1,6,6,6,1.6283726596891557,0.114,2.619,0.79,AL MURQABAT,0.7091221830740743,69771,2,4,13,76891,140316,324880,55.569421584041166,1.8,5.0,3.08
Deira Private School,Al Twar,25.242522,55.3984,FS1-G5,238.0,2009.0,UK,Deira Pvt School,General Practice,0.0531170512265333,3,9,192,2312,Etisalat,1.3907590104773728,0,20,80,540,0,3,2,8,8,8,0.855702226777037,0.042,1.252,0.941,AL MURQABAT,3.4869554029110335,69771,0,0,10,0,0,260758,52.927362497125365,4.0,2.0,3.2
Delhi Private School Dubai,Jebel Ali,25.039236,55.121742,KG1-G12,3539.0,2003.0,Indian(CBSE),Delhi Private School,General Practice,0.0306922594616998,11,24,121,2312,Ibn Battuta,0.9347949209095148,10,20,90,540,0,7,1,9,9,9,0.5731538563303887,0.025,0.748,1.047,AL BARSHAA FIRST,11.556323842071825,39451,0,0,0,0,0,0,83.21251836908523,5.0,1.0,3.4
GEMS Dubai American Academy,Al Barsha ,25.114397,55.207717,KG1-G12,2312.0,1997.0,US/IB,Dubai International Academy Albarsha,Nursing,0.0573951830981728,34,87,326,2312,Mall of the Emirates,1.0553698346857825,0,30,40,540,0,11,8,4,4,4,0.6561799740507385,0.046,0.95,1.021,AL BARSHAA FIRST,0.5923408444858219,39451,8,8,8,131088,131088,131088,71.37848254253001,1.2,5.0,2.7199999999999998
Dubai Arab American Private School,Al Muhaisnah,25.244592,55.417228,KG1-G12,1253.0,2006.0,US,Greenwood International School,General Practice,0.1155818050585698,9,32,157,2312,Etisalat,1.9877121473588744,0,10,30,540,0,3,2,3,3,3,1.2388600104387526,0.092,1.789,0.817,ABU HAIL,4.885782171860533,17240,0,0,2,0,0,24360,52.45393268624471,4.0,1.0,2.8
Dubai British School,Emirates  Hills,25.055206,55.17015,FS1-G12,1045.0,2005.0,UK,Dubai British School(Br Of Taaleem Management L.L.C),Nursing,0.0530511939803023,6,13,207,2312,Stations R72,3.2937242881336317,0,0,80,540,0,12,1,8,8,8,1.9974550504723,0.042,3.294,0.803,AL BARSHAA FIRST,7.237701978210384,39451,0,0,0,0,0,0,78.75291365982423,5.0,1.0,3.4
Dubai Carmel School,Al Nahda,25.296431,55.379344,FS1-G11,905.0,1982.0,UK,Dubai Carmel School,Nursing,0.0234592987756201,19,60,165,2312,Stadium,2.735075404900147,0,0,60,540,0,7,3,6,6,6,1.650428962450336,0.019,2.735,0.801,AL QUSAIS IND FIFTH,3.254704740223889,1613,0,0,10,0,0,278244,50.38264196425056,4.0,2.0,3.2
Dubai College,Al Sufouh,25.110194,55.169042,G6-G12,850.0,1978.0,UK,Dubai College,Nursing,0.0976565776222052,5,50,298,2312,Dubai Internet City,1.0191452577465518,0,10,60,540,0,17,5,6,6,6,0.6505497856968132,0.078,0.917,1.074,AL BARSHAA FIRST,3.3299107864642896,39451,0,0,8,0,0,131088,74.28050395583483,4.0,2.0,3.2
Dubai English Speaking College,Dubai Academic City,25.105911,55.399886,G6-G12,1130.0,2005.0,UK,Dubai English Speaking Special Branch(College),Nursing,0.0390155370233528,4,25,65,2312,Rashidiya,13.85047924458522,0,0,0,540,0,2,0,0,0,0,8.325893761560474,0.031,13.85,0.418,AL GARHOUD,8.066391965439045,18535,0,0,0,0,0,0,64.23028513013165,5.0,1.0,3.4
Dubai English Speaking School,Umm Hurair,25.238244,55.317725,FS1-G5,971.0,1973.0,UK,Dubai English Speaking School,Nursing,0.0897620272616846,83,191,675,2312,Oud Metha,0.6287103027698135,20,20,230,540,0,58,16,23,23,23,0.4131309925665619,0.072,0.503,1.121,AYAL NASIR,2.0164257376891808,19280,0,0,17,0,0,369202,55.974101170127085,4.0,2.0,3.2
Dubai Gem Private School,Oud Metha,25.235942,55.316167,FS1-G12,1354.0,1983.0,UK,Dubai Gem Pvt.School Clinic,General Practice,0.0612514190371549,94,189,681,2312,Oud Metha,0.8592595394319111,20,20,230,540,0,58,16,23,23,23,0.5400562912740087,0.049,0.687,1.094,AYAL NASIR,2.3163267237466365,19280,0,0,17,0,0,369202,56.20213980342921,4.0,2.0,3.2
Dubai International Academy,Emirates  Hills,25.077917,55.179,FS1-G12,2033.0,2005.0,IB,Regent International Private School,Nursing,1.2014027472060194,0,8,262,2312,Nakheel,2.4408103896402493,0,0,50,540,0,19,2,5,5,5,1.9450473326665576,1.081,2.441,0.859,AL BARSHAA FIRST,4.589201002286149,39451,0,0,8,0,0,131088,76.25352009834303,4.0,2.0,3.2
Dubai International School - Al Garhoud,Al Garhoud,25.248367,55.341864,KG1-G12,2458.0,1985.0,US,Dubai International Pvt. School,General Practice,0.0763835961852986,43,80,590,2312,GGICO,0.2228745441445464,10,40,230,540,0,40,14,23,23,23,0.1642781649608473,0.061,0.178,1.17,NAIF,0.5644371965715737,50090,2,4,22,89060,118820,543310,54.23902133169363,1.8,5.0,3.08
Dubai International School - Al Quoz,Al Quoz,25.170089,55.262378,KG1-G12,2179.0,1999.0,US,Dubai International Private School- Br,General Practice,0.1827264048551935,8,63,390,2312,Business Bay,2.363966376315442,0,0,40,540,0,20,5,4,4,4,1.4914703877313424,0.146,2.364,0.909,BURJ KHALIFA,3.248272556012464,20477,0,0,8,0,0,88826,63.83648274907216,4.0,1.0,2.8
Dubai Modern Education School,Al Mizhar,25.238822,55.427392,KG1-G12,2668.0,1996.0,MOE/US,Dubai Modern Educational School,General Practice,0.0497627731676996,25,47,115,2312,Etisalat,3.193787399197869,0,0,30,540,0,1,1,3,3,3,1.936177548785801,0.04,3.194,0.655,HOR AL ANZ,5.082257624238819,83187,0,0,0,0,0,0,52.6835451199527,5.0,1.0,3.4
GEMS Modern Academy,Nad Al Sheba,25.153603,55.376153,KG1-12,3780.0,2004.0,Indian(CISCE),Gems Modern Academy,General Practice,0.062211509854307,3,5,106,2312,Creek,8.173639466409035,0,0,0,540,0,2,0,0,0,0,4.929068283787144,0.05,8.174,0.418,PORT SAEED,5.508576211757915,13551,0,0,0,0,0,0,60.4054153629548,5.0,1.0,3.4
Dubai National School - Al Barsha,Al Barsha ,25.106917,55.192436,KG1-G12,2843.0,1988.0,US,Dubai National School(Albarsha),General Practice,0.1713113232679948,26,94,298,2312,Mashreq,0.8905900711844329,10,30,50,540,0,12,6,5,5,5,0.6028785720178577,0.137,0.712,1.056,AL BARSHAA FIRST,1.208399127228666,39451,0,8,8,0,131088,131088,72.95534794853616,2.7,3.0,2.8200000000000003
Dubai National School - Al Twar,Al Twar,25.278803,55.368489,KG1-G12,1957.0,2000.0,US,Dubai National School(Al Qusais),General Practice,0.0126716441170397,25,89,304,2312,Al Nahda,0.6207881874162721,20,40,150,540,0,19,6,15,15,15,0.377541570096579,0.01,0.497,1.125,DUBAI  AIRPORT,2.8748734314440103,22,0,0,14,0,0,217460,51.59932570283194,4.0,2.0,3.2
Dubai Police Kindergarten - Deira,Al Waheda,25.286906,55.338789,KG1-KG2,95.0,2000.0,MOE,The Elite English School,Nursing,0.2770201754041599,9,48,363,2312,Abu Hail,1.4992255483242691,0,30,160,540,0,18,6,16,16,16,1.0103433991562254,0.222,1.349,1.009,AL QUSAIS THIRD,0.929818191566027,7162,1,5,23,7162,83495,347761,52.321484367584105,1.5,3.0,2.1
Dubai Scholars Private School,Al Qusais,25.280228,55.364739,FS1-G11,1572.0,1994.0,UK,Dubai club for people of determination ,Physiotherapy,0.2570949102580062,30,89,321,2312,Stadium,0.4167162984640324,20,50,150,540,0,19,6,15,15,15,0.3528677431816219,0.206,0.333,1.14,DUBAI  AIRPORT,3.017228191177205,22,0,0,16,0,0,283365,51.64871301990789,4.0,2.0,3.2
Dubai Women's College High School,Al Nahda,25.285,55.376523,G9-G12,58.0,2012.0,US,Higher College Of Technology - Dubai Women,Nursing,0.2780583932454228,28,92,186,2312,Al Nahda,1.4905374561225724,0,30,100,540,0,8,3,10,10,10,1.0055458309717125,0.222,1.341,0.99,DUBAI  AIRPORT,3.7192782648695415,22,0,0,10,0,0,249299,51.03274916326725,4.0,2.0,3.2
Emirates English Speaking School,Al Safa ,25.177928,55.241281,KG1-G12,1848.0,1980.0,Indian(CBSE),MASHA NATURAL BEAUTY POLY CLINIC,General Practice,0.1754364826369574,41,102,465,2312,Business Bay,2.431223394291868,0,0,30,540,0,20,5,3,3,3,1.528908629629904,0.14,2.431,0.901,BURJ KHALIFA,3.9620556034001164,20477,0,0,8,0,0,88826,64.525779435414,4.0,1.0,2.8
Emirates International School - Jumeirah,Umm Al Sheif,25.131186,55.203358,FS1-G12,1893.0,1991.0,IB,Odyssey Nursery LLC (Branch),Nursing,0.1061651154340352,49,151,373,2312,FGB,0.6747854129653494,10,20,50,540,0,14,7,5,5,5,0.4473372939528237,0.085,0.54,1.105,AL BARSHAA FIRST,1.9609754185428276,39451,0,8,8,0,131088,131088,70.36750224831069,2.7,3.0,2.8200000000000003
Emirates International School - Meadows,Emirates  Hills,25.064758,55.156161,FS1-G12,1609.0,2006.0,IB,Emirates International Private School(Br),General Practice,0.0833038808254679,3,81,223,2312,DMCC,1.886186950849076,0,20,90,540,0,15,2,9,9,9,1.1650337228396324,0.067,1.698,0.97,AL BARSHAA FIRST,7.121203907476793,39451,0,0,0,0,0,0,78.8300225424717,5.0,1.0,3.4
English Language Private School,Umm Hurair,25.241956,55.317775,FS1-G11,1528.0,1982.0,UK,Pakistan Education Acedemy,General Practice,0.0862327831326665,63,224,673,2312,Oud Metha,0.2639135451186655,10,50,240,540,0,59,15,24,24,24,0.1928412403242659,0.069,0.211,1.165,AYAL NASIR,1.6861177570783923,19280,0,3,20,0,62219,416616,55.7322608002655,3.0,3.0,3.0
GEMS Jumeirah Primary School,Al Safa,25.175947,55.238661,FS1-G5,1452.0,1994.0,UK,Gems Jumeira Primary School,General Practice,0.0586278783757287,44,102,465,2312,Noor Bank,2.469614638613846,0,0,30,540,0,20,6,3,3,3,1.505219934518599,0.047,2.47,0.901,BURJ KHALIFA,4.303174477704998,20477,0,0,8,0,0,88826,64.83581554303078,4.0,1.0,2.8
GEMS Royal Dubai School,Al Mizhar,25.237303,55.438586,FS1-G5,1128.0,2005.0,UK,Gems Royal Dubai School Br of GEMS WELLINGTON ACADEMY FZE - DUBAI BRANCH,General Practice,0.0848690087077286,23,47,108,2312,Etisalat,4.251095906737131,0,0,20,540,0,1,1,2,2,2,2.58460514752537,0.068,4.251,0.516,AL KHBEESI,5.624303075919786,1992,0,0,0,0,0,0,52.654066174231346,5.0,1.0,3.4
GEMS Wellington Academy - DSO,Dubai Silicon Oasis,25.118243,55.388303,FS1-G12,3524.0,2011.0,UK,Gems Wellington Academy FZE,Nursing,0.0479682914299137,19,42,69,2312,Creek,12.249945353684518,0,0,0,540,0,2,0,0,0,0,7.369154528782676,0.038,12.25,0.418,AL MAMZER,7.7552916556447,14938,0,0,0,0,0,0,63.327297360442174,5.0,1.0,3.4
GEMS Wellington International School,Al Sufouh,25.112042,55.183447,FS1-G12,2408.0,2005.0,UK,Gems Wellington International School,General Practice,0.1046792104470485,18,70,325,2312,Mashreq,0.8139409355314123,10,30,50,540,0,14,6,5,5,5,0.5302362454976668,0.084,0.651,1.088,AL BARSHAA FIRST,1.8659831346580122,39451,0,8,8,0,131088,131088,73.14599865098413,2.7,3.0,2.8200000000000003
GEMS Wellington Primary School,Al Satwa,25.211233,55.271647,FS1-G5,1145.0,2007.0,UK,Al Badaa Medical Center - PHC,Family Medicine,0.1138247415169131,33,164,524,2312,Financial Centre,0.3969822197311332,10,30,70,540,0,48,10,7,7,7,0.2837192284454451,0.091,0.318,1.148,JUMEIRA BAY,0.720374622355769,39,7,8,8,68349,88826,88826,60.26859338255962,1.2,5.0,2.7199999999999998
GEMS Winchester School,Oud Metha,25.23142,55.321741,FS1-G8,3481.0,2011.0,UK,Mediclinic City Hospital FZ-LLC,Anesthesia,0.1511597657448397,121,157,623,2312,Dubai Health Care,0.1270028386083805,10,30,210,540,0,54,15,21,21,21,0.1366656094629642,0.121,0.102,1.179,AL MURAR,2.3918495467512217,38970,0,0,16,0,0,345991,56.231620959924776,4.0,2.0,3.2
GEMS World Academy,Al Barsha ,25.082225,55.219567,KG1-G12,1948.0,2008.0,IB,GEMS WORLD ACADEMY NURSERY LLC,General Practice,0.1255864258653477,2,13,193,2312,Mashreq,4.630601861374188,0,0,20,540,0,12,3,2,2,2,2.828595687170652,0.1,4.631,0.579,AL BARSHAA FIRST,3.916141409760571,39451,0,0,8,0,0,131088,73.46181386203584,4.0,2.0,3.2
Ambassador School,Al Mankhool,25.246326,55.288267,G1-G10,695.0,2010.0,Indian(ICSE),De Paris Medical Center(Dsc),Orthopedic Surgery,0.2196471977712275,23,192,724,2312,Abu Dhabi Commercial Bank,1.0191797962934437,0,40,170,540,0,55,13,17,17,17,0.6993667568845571,0.176,0.917,1.069,AL TWAR FIRST,1.6258033079425231,11509,0,2,21,0,86575,353955,57.11094404897711,3.0,3.0,3.0
Grammar School,Al Garhoud,25.235469,55.351983,FS1-G11,1041.0,1974.0,UK,Grammar School,General Practice,0.0613853419569177,14,50,433,2312,Airport Terminal 3,1.3045047434857502,0,40,190,540,0,31,12,19,19,19,0.8072569828742172,0.049,1.174,1.041,CORNICHE DEIRA,0.4364944479078938,14,2,4,13,10494,85331,290729,54.67499964166231,1.0,3.0,1.8000000000000003
Greenfield Community School,Green Community,24.983019,55.183838,KG1-G12,1241.0,2007.0,IB,GREENFIELD INTERNATIONAL SCHOOL,Nursing,0.0445866464284319,1,13,50,2312,Station R75,3.499426031827731,0,0,40,540,0,1,1,4,4,4,2.117490277668011,0.036,3.499,0.628,AL BARSHAA FIRST,14.633503549289117,39451,0,0,0,0,0,0,84.43983657591743,5.0,1.0,3.4
Greenwood International School,Al Muhaisnah ,25.244239,55.4183,KG1-G12,1023.0,1992.0,UK,Greenwood International School,General Practice,0.0039270251611087,10,37,151,2312,Etisalat,2.098829216365047,0,0,30,540,0,3,2,3,3,3,1.2608683398834717,0.003,2.099,0.808,ABU HAIL,4.918032088817028,17240,0,0,1,0,0,17240,52.459894162696244,4.0,1.0,2.8
Gulf Indian High School,Al Garhoud,25.236617,55.349567,KG1-G12,2530.0,1979.0,Indian(CBSE),Gulf Indian High School,General Practice,0.0464193271981734,15,59,468,2312,Airport Terminal 1,1.3454845308257557,0,40,210,540,0,31,13,21,21,21,0.8258584493747227,0.037,1.211,1.037,AL REGA,0.2625730857277942,10480,2,5,13,10494,124301,273491,54.68797845578368,1.0,3.0,1.8000000000000003
Gulf Model School,Al Muhaisnah ,25.277317,55.407858,KG1-G12,3130.0,1982.0,Indian(CBSE),United International Pvt. School,Nursing,0.0650218993841774,11,23,160,2312,Etisalat,2.5962760021019555,0,0,50,540,0,4,3,5,5,5,1.5837743610148445,0.052,2.596,0.776,DUBAI  AIRPORT,5.047757255780398,22,0,0,0,0,0,0,50.66109178443248,5.0,1.0,3.4
His Highness Shaikh Rashid Al Maktoum Pakistani School,Al Qusais,25.28525,55.369953,KG1-G12,1549.0,1995.0,Pakistani,H.H. Shaikh Rashid Al Maktoum Pakistani School,General Practice,0.0402831513836954,35,95,229,2312,Stadium,1.180930127749779,0,40,120,540,0,14,5,12,12,12,0.7246713372033455,0.032,1.063,1.057,AL QUSAIS IND. SECOND,3.389783799770161,8834,0,0,11,0,0,294956,51.22418363101217,4.0,2.0,3.2
Horizon English School,Al Wasl,25.189889,55.250028,FS1-G5,654.0,1989.0,UK,Horizon English School,Family Medicine,0.053214067568295,15,125,490,2312,Business Bay,1.0567887596742318,0,10,50,540,0,29,5,5,5,5,0.6553588828318572,0.043,0.951,1.071,BURJ KHALIFA,2.5834882128399626,20477,0,0,8,0,0,88826,63.10932519546603,4.0,1.0,2.8
Institute of Applied Technology,Al Qusais,25.271156,55.396703,G9-G12,913.0,2005.0,IAT,Aster Hospital Br Of Aster Dm Healthcare FZC,Anesthesia,0.7122365751256382,6,56,193,2312,Al Qusais,1.3242010228961962,0,20,90,540,0,7,4,9,9,9,1.079415243787973,0.57,1.192,0.973,DUBAI  AIRPORT,3.7336292901721766,22,0,0,1,0,0,22,51.24482066850754,4.0,1.0,2.8
International Academic School,Al Warqaa ,25.186381,55.403486,KG1-G12,987.0,2006.0,MOE/US,International Academic School,General Practice,0.0386652996818138,13,31,108,2312,Rashidiya,5.029302278433929,0,0,0,540,0,1,0,0,0,0,3.0330474869330826,0.031,5.029,0.408,PORT SAEED,0.9426953246919262,13551,1,4,11,13551,36809,253407,56.8945755223969,1.8,2.0,1.8800000000000001
International School of Arts and Sciences,Al Warqaa ,25.189861,55.401889,KG1-G12,843.0,2006.0,US,VELCARE ORTHODONTIC & DENTAL CLINIC L.L.C,General Dentistry,0.2631246070032539,15,31,117,2312,Rashidiya,4.615117923878074,0,0,10,540,0,1,0,1,1,1,2.874320597128146,0.21,4.615,0.456,PORT SAEED,0.8024187886710906,13551,1,4,12,13551,99211,299592,56.64346328705604,1.8,3.0,2.2800000000000002
Islamic School for Education and Training,Al Muhaisnah,25.252208,55.416992,KG1-G11,718.0,1982.0,MOE,Islamic School For Traning and Education,General Practice,0.0303385129383743,8,28,169,2312,Etisalat,1.6332997242484557,0,10,40,540,0,3,2,4,4,4,0.992115239724423,0.024,1.47,0.873,DUBAI  AIRPORT,5.189484487013391,22,0,0,0,0,0,0,51.97630479266837,5.0,1.0,3.4
Japanese School in Dubai,Al Wasl,25.192697,55.254131,G1-G9,137.0,1980.0,Japanese,Japanese School,Nursing,0.0332289717232961,25,131,491,2312,Business Bay,0.6521181745839112,10,20,60,540,0,29,5,6,6,6,0.4045624934396651,0.027,0.522,1.12,BURJ KHALIFA,2.0999605604881806,20477,0,0,8,0,0,88826,62.647160157125356,4.0,1.0,2.8
Jebel Ali Primary School,Jebel Ali,25.034761,55.117981,KG1-G5,626.0,1978.0,UK,Delhi Private School,General Practice,0.6148684374213508,8,20,114,2312,Ibn Battuta,1.3312140484439103,0,30,100,540,0,7,1,10,10,10,1.0446758040348865,0.492,1.198,0.986,AL BARSHAA FIRST,12.1773303229198,39451,0,0,0,0,0,0,83.8318848796097,5.0,1.0,3.4
JSS International School,Al Barsha ,25.075028,55.215356,KG1-G12,1783.0,2009.0,Indian(ICSE),GEMS WORLD ACADEMY NURSERY LLC,General Practice,0.7814895207227562,4,12,185,2312,Mashreq,5.06130322341543,0,0,0,540,0,11,2,0,0,0,3.34937774233836,0.625,5.061,0.479,AL BARSHAA FIRST,4.497962383406415,39451,0,0,8,0,0,131088,74.33519997218475,4.0,2.0,3.2
JSS Private School,Al Safa,25.191845,55.252894,KG1-G11,1898.0,2011.0,Indian(CBSE),Jss Private School,General Practice,0.0325947771747368,23,132,498,2312,Business Bay,0.7597668635049464,10,20,60,540,0,30,5,6,6,6,0.4688980289728625,0.026,0.608,1.108,BURJ KHALIFA,2.244295349544454,20477,0,0,8,0,0,88826,62.786776799227994,4.0,1.0,2.8
Jumeira Baccalaureate School,Jumeirah First,25.218637,55.259723,KG1-G12,823.0,2010.0,UK/IB,Jumeira Baccalaureate School-Br Of Taaleem Managment L.L.C,Nursing,0.1269203739844122,82,175,487,2312,Financial Centre,1.8061804288246832,0,10,70,540,0,43,7,7,7,7,1.1344764068885749,0.102,1.626,0.978,JUMEIRA BAY,1.8997715280050858,39,0,7,8,0,68349,88826,60.562812062547856,2.7,3.0,2.8200000000000003
Jumeirah College,Al Safa ,25.176394,55.235789,G6-G12,1110.0,2000.0,UK,Gems Jumeira Primary School,General Practice,0.2487582085613119,37,106,453,2312,Noor Bank,2.4120268177629063,0,0,30,540,0,20,6,3,3,3,1.546719374082269,0.199,2.412,0.901,BURJ KHALIFA,4.521817574016454,20477,0,0,8,0,0,88826,64.98762934669553,4.0,1.0,2.8
Jumeirah English Speaking School,Al Safa ,25.179742,55.243147,FS1-G5,698.0,1976.0,UK,Jumeirah English Speaking School,Nursing,0.0687699865199765,36,111,457,2312,Business Bay,2.1598331720278243,0,0,40,540,0,21,5,4,4,4,1.323407897824685,0.055,2.16,0.938,BURJ KHALIFA,3.6956384732921976,20477,0,0,8,0,0,88826,64.27602259720635,4.0,1.0,2.8
Jumeirah English Speaking School - Arabian Ranches,Arabian Ranches,25.056689,55.272661,FS1-G12,1370.0,2005.0,UK/IB,Jumeirah English Speaking School(Al Marabaa Al Rabaia),Family Medicine,0.0746299450847198,2,2,64,2312,FGB,10.157475928187774,0,0,0,540,0,1,1,0,0,0,6.124337534946552,0.06,10.157,0.407,AL BARSHAA FIRST,9.530365814742986,39451,0,0,0,0,0,0,73.15517749910526,5.0,1.0,3.4
K12 International Academy,Knowledge Village,25.101772,55.160615,KG2-G12,344.0,2008.0,US,Smart Salem Medical Center 3 FZ LLC,Family Medicine,0.0060307747478722,8,44,276,2312,Dubai Internet City,1.3262598962158048,0,20,60,540,0,20,3,6,6,6,0.7981682476286317,0.005,1.194,1.041,AL BARSHAA FIRST,4.360017269151285,39451,0,0,8,0,0,131088,75.52160389427614,4.0,2.0,3.2
Khadija Al Kobra Iranian School for Girls,Al Karama,25.252825,55.307217,G1-G12,395.0,2000.0,Iranian,Iranian Towheed Girls School,Nursing,0.0681471915698014,63,193,664,2312,BurJuman,0.3739925677797262,10,60,220,540,0,59,16,22,22,22,0.2516544172957563,0.055,0.299,1.152,AL TWAR FIRST,1.128375922343991,11509,0,8,18,0,124776,404306,55.61718424326616,2.7,3.0,2.8200000000000003
Kings' Dubai,Umm Suqeim,25.135958,55.196242,FS1-G7,866.0,2004.0,UK,Dubai Kings Private School,Nursing,0.0584128441620055,48,123,354,2312,FGB,1.559390479947892,0,20,50,540,0,14,7,5,5,5,0.9589994256335376,0.047,1.403,1.001,AL BARSHAA FIRST,2.5505166700628283,39451,0,0,8,0,0,131088,70.48162154923183,4.0,2.0,3.2
Latifa School for Girls,Nad Al Sheba,25.149325,55.326118,KG1-G12,626.0,1982.0,UK,Al Futtaim Healthcare Single Person Company LLC - Company Clinic,General Practice,1.1213201141103462,0,2,16,2312,Creek,7.8488139640607715,0,0,0,540,0,0,0,0,0,0,5.157816424080601,1.009,7.849,0.355,BURJ KHALIFA,7.444936651696634,20477,0,0,0,0,0,0,62.48506219286205,5.0,1.0,3.4
Little Flowers English School,Hor Al Anz,25.282439,55.336397,KG1-G6,947.0,1984.0,Indian(CBSE),Little Flower English School,Nursing,0.4390721412316529,11,52,414,2312,Abu Hail,1.2749421057978891,0,30,190,540,0,24,6,19,19,19,0.9405941199713947,0.351,1.147,1.029,AL QUSAIS SECOND,1.083952707200253,12473,0,5,24,0,136597,426245,52.63378761988167,2.7,3.0,2.8200000000000003
Lycee Francais International School,Dubai Academic City,25.241403,55.312731,KG1-G12,1948.0,2005.0,French,French International Private School,Nursing,0.0549940281367447,58,224,682,2312,Oud Metha,0.4106542812877484,10,40,220,540,0,58,16,22,22,22,0.2683901800273469,0.044,0.329,1.149,AYAL NASIR,2.0962920551648447,19280,0,0,18,0,0,391847,56.02397988452127,4.0,2.0,3.2
Lycee Georges Pompidou High School,Dubai Academic City,25.104978,55.395858,G1-G12,1756.0,2005.0,French,Lycee Francais International Georges Pompidou,General Practice,0.0441666466366001,4,29,65,2312,Creek,13.90700548984606,0,0,0,540,0,2,0,0,0,0,8.361869952562277,0.035,13.907,0.418,AL GARHOUD,8.400446035763753,18535,0,0,0,0,0,0,64.40652626768434,5.0,1.0,3.4
Lycee Georges Pompidou Primary School,Oud Metha,25.233711,55.316025,KG1-KG2,252.0,1998.0,French,Lycee Francais International Georges Pompidou Om,Nursing,0.0833402448642494,103,182,677,2312,Dubai Health Care,0.7557114223252812,10,20,230,540,0,58,16,23,23,23,0.4867629513408684,0.067,0.605,1.106,AYAL NASIR,2.5340398691540535,19280,0,0,17,0,0,369202,56.3564111455188,4.0,2.0,3.2
Lycee Libanais Francophone Prive,Al Muhaisnah,25.275092,55.410419,KG1-G12,962.0,2004.0,French,United International Pvt. School,Nursing,0.3526896213822973,9,27,161,2312,Etisalat,2.44630168024941,0,0,50,540,0,4,3,5,5,5,1.6088568567025652,0.282,2.446,0.782,DUBAI  AIRPORT,5.145324047522442,22,0,0,0,0,0,0,50.735057388464526,5.0,1.0,3.4
Mirdif Private School,Al Mizhar,25.237383,55.437061,KG1-G9,747.0,1995.0,US,Healthhub Plus (Br of Al Futtaim Healthcare Single Person Company LLC),Family Medicine,0.0918791285597498,23,50,110,2312,Etisalat,4.111135236351522,0,0,20,540,0,1,1,2,2,2,2.503432793234813,0.074,4.111,0.533,AL KHBEESI,5.532566790517318,1992,0,0,0,0,0,0,52.66473136890151,5.0,1.0,3.4
National Charity School,Al Garhoud,25.238522,55.345831,G1-G12,5333.0,1984.0,MOE,National Charity School Boys,General Practice,0.0765986584103651,21,65,504,2312,Airport Terminal 1,1.2883140641294868,0,40,220,540,0,33,13,22,22,22,0.8036279018418381,0.061,1.159,1.042,AL REGA,0.31152902566750296,10480,2,5,13,60570,124301,273491,54.70522225674709,1.0,5.0,2.6
New Academy School,Al Raffa,25.250636,55.284283,KG1-G12,995.0,1990.0,US,New Academy School,General Practice,0.036568052945983,19,165,695,2312,Abu Dhabi Commercial Bank,1.5570654124528451,0,30,170,540,0,52,13,17,17,17,0.9488664686501004,0.029,1.401,1.012,AL TWAR FIRST,1.5899841131101695,11509,0,2,13,0,86575,246636,57.115413124266205,3.0,3.0,3.0
New Indian Model School,Al Garhoud,25.237008,55.347017,KG1-G12,6973.0,1980.0,Indian(CBSE),New Indian Model School Clinic,General Practice,0.0628856929254178,16,62,485,2312,Airport Terminal 1,1.3833994219144508,0,50,220,540,0,33,13,22,22,22,0.8551939303188376,0.05,1.245,1.031,AL REGA,0.28307248232030835,10480,3,5,13,60584,124301,273491,54.75914311655266,1.0,5.0,2.6
New World Private School,Al Twar ,25.265406,55.374644,KG1-G12,1854.0,2005.0,MOE,Mnm Optics Llc Branch,Optometry,0.3317134697170045,20,45,313,2312,Dubai Airport Free Zone,0.5042431372657136,10,40,140,540,0,18,6,14,14,14,0.43523127024623,0.265,0.403,1.126,DUBAI  AIRPORT,1.6542639468069937,22,0,1,8,0,22,189788,52.13416374912985,3.0,2.0,2.5999999999999996
Nibras International School,Green Community,25.000017,55.171757,KG1-G12,854.0,2005.0,US,Al Nibras Private School,General Practice,0.0595808166933058,7,15,64,2312,Station R74,1.7278629398541063,0,10,60,540,0,2,1,6,6,6,1.0605500905897862,0.048,1.555,0.87,AL BARSHAA FIRST,12.989702417654982,39451,0,0,0,0,0,0,83.54771429831,5.0,1.0,3.4
North American International School,Al Mizhar,25.236083,55.432139,KG1-G12,499.0,2007.0,US,North American International School L.L.C,General Practice,0.0743612822826409,28,54,113,2312,Etisalat,3.759992806134584,0,0,20,540,0,1,1,2,2,2,2.285740196593807,0.059,3.76,0.576,AL KHBEESI,5.115222733552028,1992,0,0,0,0,0,0,52.80668296744363,5.0,1.0,3.4
GEMS Our Own English High School,Al Warqaa ,25.193874,55.426669,KG1-G12,10169.0,1972.0,Indian(CBSE),Gems Our Own English High School,General Practice,0.0483707187122662,1,12,130,2312,Rashidiya,5.391673423107701,0,0,0,540,0,1,0,0,0,0,3.254352341349527,0.039,5.392,0.408,AL HAMRIYA PORT,1.2435238406745115,481,0,4,12,0,56035,205106,55.907019540192195,3.0,3.0,3.0
Our Own High School - Dubai,Al Warqaa,25.190892,55.400567,G1-G12,4734.0,2005.0,Indian(CBSE),VELCARE ORTHODONTIC & DENTAL CLINIC L.L.C,General Dentistry,0.4124959177462915,14,30,118,2312,Rashidiya,4.473813695256226,0,0,10,540,0,1,0,1,1,1,2.849286584252252,0.33,4.474,0.467,PORT SAEED,0.8801715549099883,13551,2,4,12,15543,99211,299592,56.58831821681186,1.8,3.0,2.2800000000000002
GEMS Our Own Indian School,Al Quoz,25.171781,55.260647,KG1-G12,3643.0,1991.0,Indian(CBSE),Our Own Indian School. School Clinic,General Practice,0.0468828641986121,8,75,408,2312,Business Bay,2.16770905962591,0,0,40,540,0,20,5,4,4,4,1.3193785814549903,0.038,2.168,0.938,BURJ KHALIFA,3.1470723696748633,20477,0,0,8,0,0,88826,63.80553695609122,4.0,1.0,2.8
Pakistan Education Academy,Umm Hurair,25.241917,55.316989,KG1-G12,1689.0,1973.0,Pakistani,Pakistan Education Acedemy,General Practice,0.0073506630485379,64,231,673,2312,Oud Metha,0.2205757304098616,10,50,240,540,0,59,16,24,24,24,0.1352857034653321,0.006,0.176,1.173,AYAL NASIR,1.7427265436436608,19280,0,2,19,0,23249,416594,55.77410869079842,3.0,2.0,2.5999999999999996
Philadelphia Private School,Al Muhaisnah,25.278906,55.402194,KG1-G12,1402.0,2006.0,US,Philadelphia Private School,General Practice,0.0918511689343554,17,37,162,2312,Al Qusais,2.335355685970523,0,0,60,540,0,5,3,6,6,6,1.4379538791560558,0.073,2.335,0.826,DUBAI  AIRPORT,4.682241081857868,22,0,0,1,0,0,22,50.69237133696711,4.0,1.0,2.8
Pristine Private School,Al Nahda,25.293458,55.375039,FS1-G12,1529.0,1992.0,UK,Pristine Pvt. School,General Practice,0.0324879229735242,31,69,169,2312,Stadium,2.204924811256234,0,0,70,540,0,7,3,7,7,7,1.33595005594315,0.026,2.205,0.874,AL QUSAIS IND. FOURTH,3.1403752345910467,2709,0,0,12,0,0,290739,50.65871968045691,4.0,2.0,3.2
Queen International School,Hor Al Anz ,25.283108,55.348792,FS1-G11,1179.0,1998.0,UK,Queen International School,Nursing,0.0314346295703642,23,59,362,2312,Al Qiyadah,0.7249382464585375,20,30,170,540,0,18,6,17,17,17,0.4475367997032682,0.025,0.58,1.112,AL QUSAIS THIRD,1.968962241621072,7162,0,1,22,0,7162,351671,52.08480124301455,3.0,2.0,2.5999999999999996
Raffles International School - South Campus,Umm Suqeim,25.136467,55.194503,FS1-G7,1267.0,2008.0,UK,Senses Residential and Day Care for Special Needs,General Practice,0.1622279874833478,42,119,348,2312,FGB,1.7299240330082244,0,20,50,540,0,14,7,5,5,5,1.1028456147982737,0.13,1.557,0.976,AL BARSHAA FIRST,2.6495002852929788,39451,0,0,8,0,0,131088,70.56068930538834,4.0,2.0,3.2
Raffles World Academy,Umm Suqeim,25.14035,55.196792,KG1-G12,1821.0,2008.0,UK/IB,Raffles World Academy Br Of Raffles International School L L C,General Practice,0.0771646271542766,61,131,345,2312,FGB,1.8832012364175168,0,10,50,540,0,13,7,5,5,5,1.160786592712221,0.062,1.695,0.951,AL BARSHAA FIRST,3.0185882848265866,39451,0,0,8,0,0,131088,70.12618350032452,4.0,2.0,3.2
Rajagiri International School,Al Warqaa ,25.186925,55.402725,KG1-G8,1339.0,2008.0,Indian(CBSE),International Academic School,General Practice,0.1348314965438196,12,31,109,2312,Rashidiya,4.952204033353096,0,0,10,540,0,1,0,1,1,1,3.025255018629385,0.108,4.952,0.42,PORT SAEED,0.9426267120179352,13551,1,4,11,13551,99211,253407,56.86594745382095,1.8,3.0,2.2800000000000002
Rashid School for Boys,Nad Al Sheba,25.181331,55.313416,KG1-G12,622.0,1986.0,UK,Healthagon Rehabiltation Center L.L.C,Physiotherapy,0.4376137968020973,4,6,100,2312,Creek,4.908991508143265,0,0,20,540,0,11,0,2,2,2,3.120440423606798,0.35,4.909,0.523,BURJ KHALIFA,4.30415978574616,20477,0,0,1,0,0,20477,60.33672849029148,4.0,1.0,2.8
Regent International School,Emirates  Hills,25.088125,55.173753,FS1-G12,1414.0,1992.0,UK,Jumairah International Nursery,Nursing,0.033284374066094,6,39,292,2312,Dubai Internet City,1.5534509643856451,0,20,60,540,0,20,3,6,6,6,0.9453843282578248,0.027,1.398,1.012,AL BARSHAA FIRST,4.007119981118024,39451,0,0,8,0,0,131088,75.73535057860157,4.0,2.0,3.2
Repton School Dubai,Nad Al Sheba,25.145306,55.378833,FS1-G12,2060.0,2007.0,UK/IB,Repton School Fz-LLC,Nursing,0.0693224338369643,3,5,103,2312,Creek,9.119182002007651,0,0,0,540,0,2,0,0,0,0,5.499238174739378,0.055,9.119,0.417,AL WAHEDA,6.0743328932834455,20785,0,0,0,0,0,0,61.07538298424615,5.0,1.0,3.4
Russian International School,Al Muhaisnah,25.282619,55.404694,KG1-G11,426.0,1997.0,Russian,Russian Intenational School,Nursing,0.0288994528511203,16,31,160,2312,Al Qusais,2.814827991793085,0,0,50,540,0,5,3,5,5,5,1.7004565762162993,0.023,2.815,0.761,DUBAI  AIRPORT,5.136757091705322,22,0,0,0,0,0,0,50.436189439349135,5.0,1.0,3.4
Salman Al Farsi Iranian School,Al Qusais,25.280592,55.370039,G1-G12,438.0,2000.0,Iranian,WOODLEM PARK SCHOOL LLC,Nursing,0.1808914785359479,32,95,264,2312,Al Nahda,0.8167995578720095,20,40,130,540,0,15,6,13,13,13,0.5624363261375849,0.145,0.653,1.095,DUBAI  AIRPORT,3.092357987174475,22,0,0,11,0,0,137610,51.45776608496873,4.0,2.0,3.2
School of Modern Skills,Al Muhaisnah,25.244356,55.416036,KG1-G12,1518.0,2006.0,US,Modern Skills School,General Practice,0.0590409179765323,7,26,163,2312,Etisalat,1.9064448404701184,0,10,30,540,0,3,2,3,3,3,1.167483271472684,0.047,1.716,0.829,ABU HAIL,4.795239050442015,17240,0,0,3,0,0,94131,52.48798375441991,4.0,1.0,2.8
Sharjah American International School,Al Warqaa,25.185614,55.403222,KG1-G12,1563.0,2005.0,US,International Academic School,General Practice,0.0956880462001463,12,33,106,2312,Rashidiya,5.105658124979419,0,0,0,540,0,1,0,0,0,0,3.10167009346771,0.077,5.106,0.406,PORT SAEED,1.0280220973366196,13551,0,4,11,0,36809,253407,56.96352338479603,3.0,2.0,2.5999999999999996
St. Mary's Catholic High School,Umm Hurair,25.240369,55.317628,KG2-G11,1928.0,1973.0,UK,English Language Private School,General Practice,0.0877170716279743,76,209,670,2312,Oud Metha,0.4034294877594688,10,30,240,540,0,58,16,24,24,24,0.277144521306871,0.07,0.323,1.148,AYAL NASIR,1.8310214932543023,19280,0,1,19,0,19280,416594,55.841368093310166,3.0,2.0,2.5999999999999996
Star International School - Al Twar,Al Twar,25.259086,55.385236,FS1-G8,528.0,2000.0,UK,British Orchard Nursery Al Twar,Nursing,0.2941328383285713,10,31,254,2312,Al Qusais,0.4567326741505792,10,30,120,540,0,13,7,12,12,12,0.3916927398217761,0.235,0.365,1.133,DUBAI  AIRPORT,2.1029404156231553,22,0,0,7,0,0,201309,52.21152796238222,4.0,2.0,3.2
Star International School - Mirdif,Mirdif,25.223019,55.417214,FS1-G5,469.0,2008.0,UK,EVERYOUNG CLINIC LLC,General Dentistry,0.1464217387740876,13,48,141,2312,Rashidiya,2.73680106478173,0,0,20,540,0,1,1,2,2,2,1.700649334378673,0.117,2.737,0.696,AL KHBEESI,3.078005614623413,1992,0,0,9,0,0,260312,53.89549597165734,4.0,2.0,3.2
Horizon International Schoool,Umm Al Sheif,25.132825,55.204881,FS1-G9,861.0,2008.0,UK,Odyssey Nursery LLC (Branch),Nursing,0.2998418665668902,55,152,379,2312,FGB,0.743541632614425,10,20,50,540,0,14,7,5,5,5,0.5660617261954111,0.24,0.595,1.089,AL BARSHAA FIRST,2.1586860854267256,39451,0,0,8,0,0,131088,70.14836936973016,4.0,2.0,3.2
The Central School,Al Nahda,25.291533,55.375722,KG1-G12,3292.0,1981.0,Indian(CBSE),The Central School,General Practice,0.0206767551475705,34,75,173,2312,Stadium,2.0863474491530263,0,0,80,540,0,7,3,8,8,8,1.260079171550844,0.017,2.086,0.899,AL QUSAIS IND. FOURTH,3.3407659441881434,2709,0,0,11,0,0,255792,50.73113130621276,4.0,2.0,3.2
The Children's Garden,Al Barsha ,25.094577,55.211878,KG1-KG2,45.0,2012.0,Kindergarten,Redwood Early Learning Center Of Excellence BR Kids First Group LLC.,Nursing,0.0480565370778712,5,21,220,2312,Mashreq,3.0838185620222567,0,0,40,540,0,11,5,4,4,4,1.8695137520445024,0.038,3.084,0.778,AL BARSHAA FIRST,2.341740146532741,39451,0,0,8,0,0,131088,72.81364860160967,4.0,2.0,3.2
The City School International,Nad Al Hamar,25.193606,55.388731,FS1-G10,753.0,1989.0,UK,The City School International Private,Nursing,0.0247769253092437,10,26,113,2312,Rashidiya,4.079172697543499,0,0,10,540,0,1,0,1,1,1,2.4574143886497968,0.02,4.079,0.53,HOR AL ANZ,1.2804521276397505,83187,0,3,11,0,102419,306277,56.64880414679964,3.0,3.0,3.0
The Elite English School,Al Waheda,25.288842,55.340475,KG1-G12,1698.0,1993.0,Indian(CBSE),The Elite English School,Nursing,0.0215502134812522,7,45,346,2312,Abu Hail,1.6205696127313194,0,20,140,540,0,17,6,14,14,14,0.9809618530312924,0.017,1.459,1.005,AL QUSAIS THIRD,0.9196951408454247,7162,1,5,22,7162,83495,297671,52.15985924368344,1.5,3.0,2.1
The English College - Dubai,Al Safa,25.16905,55.237469,G6-G12,581.0,1992.0,UK,The English College,General Practice,0.0579368159459316,21,125,436,2312,Noor Bank,1.7343241292416205,0,10,30,540,0,17,7,3,3,3,1.0637692039233448,0.046,1.561,0.99,BURJ KHALIFA,4.858813919640491,20477,0,0,1,0,0,20477,65.41391051640007,4.0,1.0,2.8
The Indian Academy,Al Muhaisnah,25.257534,55.386361,KG1-G7,719.0,2012.0,Indian(ICSE),British Orchard Nursery Al Twar,Nursing,0.493398312179733,7,27,259,2312,Al Qusais,0.580808281292792,10,30,120,540,0,13,7,12,12,12,0.5458442936475685,0.395,0.465,1.111,DUBAI  AIRPORT,2.1648639480598266,22,0,0,8,0,0,208429,52.274938822104936,4.0,2.0,3.2
The Indian High School,Oud Metha,25.240542,55.315133,G5-G12,5896.0,1961.0,Indian(CBSE),The Indian High School Clinic,General Practice,0.0174338087254843,79,218,676,2312,Oud Metha,0.3572399335285451,10,40,230,540,0,58,16,23,23,23,0.2213174836073208,0.014,0.286,1.156,AYAL NASIR,1.9823208628913749,19280,0,1,19,0,19280,416594,55.95579285398132,3.0,2.0,2.5999999999999996
The Indian High School - Branch,Al Garhoud,25.248436,55.340581,KG1-G4,4195.0,1988.0,Indian(CBSE),The Indian High School Clinic(Branch),General Practice,0.1159920988756215,44,83,584,2312,GGICO,0.1301958817727926,10,40,240,540,0,39,14,24,24,24,0.1245143686139241,0.093,0.104,1.18,AL MURAR,0.5035987008333825,38970,2,4,22,89060,118820,543310,54.28639916007688,1.8,5.0,3.08
The Indian International School,Dubai Silicon Oasis,25.115873,55.375965,KG1-G7,1858.0,2011.0,Indian(CBSE),The Indian International School(Dso Branch),General Practice,0.1653079546800893,14,34,68,2312,Creek,12.051602683334218,0,0,0,540,0,2,0,0,0,0,7.2970847918725665,0.132,12.052,0.413,AL MAMZER,8.764051319943224,14938,0,0,0,0,0,0,63.863951372820445,5.0,1.0,3.4
The International School of Choueifat - DIP,Dubai Investment Park,24.983802,55.15553,KG1-G10,2190.0,2012.0,SABIS (UK/US),Karama Medical Centre(Br Dip),General Practice,0.3436909859843426,3,15,54,2312,Station R75,0.6449324616312266,10,10,40,540,0,2,1,4,4,4,0.524435871372473,0.275,0.516,0.969,AL BARSHAA FIRST,15.169963420153252,39451,0,0,0,0,0,0,85.93835053306456,5.0,1.0,3.4
The International School of Choueifat - Dubai,Al Sufouh,25.107181,55.171625,KG1-G12,4040.0,1994.0,SABIS (UK/US),The International School Of Choueifat Clinic,General Practice,0.0388176611332409,14,53,301,2312,Dubai Internet City,0.6057379028942793,10,10,60,540,0,17,5,6,6,6,0.378969806189864,0.031,0.485,1.126,AL BARSHAA FIRST,3.1307209927354194,39451,0,0,8,0,0,131088,74.33738825772272,4.0,2.0,3.2
The Kindergarten Starters,Al Garhoud,25.247964,55.339353,KG1-G5,5511.0,1982.0,Indian(CBSE),The Indian High School Clinic(Branch),General Practice,0.101289441292697,43,87,583,2312,GGICO,0.183710341945827,10,30,230,540,0,39,14,23,23,23,0.150741981684575,0.081,0.147,1.174,AL MURAR,0.3915337685248317,38970,2,4,22,89060,118820,543310,54.36524358145378,1.0,5.0,2.6
The Millennium School,Al Qusais,25.286631,55.367103,KG1-G12,2954.0,2000.0,Indian(CBSE),Al Maaref Private School,Nursing,0.0855904861654717,35,81,243,2312,Stadium,1.1278977049671777,0,30,110,540,0,15,5,11,11,11,0.710974817446495,0.068,1.015,1.061,AL QUSAIS IND. SECOND,3.068091164919954,8834,0,0,11,0,0,294956,51.24867783699109,4.0,2.0,3.2
The Oxford School,Al Muhaisnah,25.281228,55.402192,FS1-G12,2128.0,1988.0,UK,The Oxford School,General Practice,0.0289538006180272,17,32,163,2312,Al Qusais,2.540238816434383,0,0,60,540,0,5,3,6,6,6,1.535724810107841,0.023,2.54,0.804,DUBAI  AIRPORT,4.844592133702622,22,0,0,1,0,0,22,50.56591297887552,4.0,1.0,2.8
The Philippine School,Al Twar,25.244733,55.393747,KG1-G10,1975.0,2008.0,Philippine,Deira Pvt School,General Practice,0.4755733410576671,2,8,205,2312,Etisalat,1.336957120645766,0,20,90,540,0,6,3,9,9,9,0.9924036088105264,0.38,1.203,0.971,DUBAI  AIRPORT,2.9988752377382553,22,0,0,9,0,0,258766,52.88589040243132,4.0,2.0,3.2
Sheikh Rashid Bin Saeed Islamic Institute,Al Satwa,25.215886,55.269667,G6-G12,120.0,2003.0,MOE,Morfologie Slim Bods Slimming Therapy Center,Massage - Physiotherapy,0.3318970516376752,41,211,525,2312,Financial Centre,0.8038579863972274,10,40,70,540,0,49,10,7,7,7,0.6150736124934065,0.266,0.643,1.09,JUMEIRA BAY,1.2379655784685906,39,0,7,8,0,68349,88826,60.09570239059506,2.7,3.0,2.8200000000000003
The School of Research Science,Al Qusais,25.20083,55.439205,FS1-G12,2699.0,2003.0,UK,The School Of Research Science,General Practice,0.082619221166712,2,7,103,2312,Rashidiya,5.831450569238346,0,0,0,540,0,1,0,0,0,0,3.531918030009692,0.066,5.831,0.407,AL WAHEDA,2.5936767087853196,20785,0,0,10,0,0,180746,55.2397853676473,4.0,2.0,3.2
The Sheffield Private School,Al Qusais,25.293372,55.385719,FS1-G11,1643.0,2004.0,UK,Sheffield Private School,General Practice,0.0268445220598742,15,57,166,2312,Al Nahda,2.7760033181177826,0,0,70,540,0,7,3,7,7,7,1.676339799694619,0.021,2.776,0.806,AL QUSAIS IND FIFTH,3.9439770379446313,1613,0,0,9,0,0,236157,50.346214869133945,4.0,2.0,3.2
The Westminster School,Al Qusais,25.283053,55.370633,KG1-G12,5034.0,1988.0,UK,The Westminster School(Br Of Gems Wellington Academy FZE) Dubai Branch,General Practice,0.0273490740941856,36,98,241,2312,Stadium,1.08141124391022,0,40,120,540,0,15,6,12,12,12,0.6597863759838063,0.022,0.973,1.069,DUBAI  AIRPORT,3.3719335947578046,22,0,0,10,0,0,98640,51.31325816812546,4.0,1.0,2.8
The Winchester School,Jebel Ali,25.040094,55.120922,FS1-G12,3617.0,2003.0,UK,The Winchester School,General Practice,0.0562451003204563,11,24,121,2312,Ibn Battuta,0.8128429412575223,10,20,80,540,0,7,1,8,8,8,0.5102038048826959,0.045,0.65,1.05,AL BARSHAA FIRST,11.546415745086662,39451,0,0,0,0,0,0,83.19594973623519,5.0,1.0,3.4
Towheed Iranian School for Boys,Al Quoz,25.170393,55.262097,KG1-G12,798.0,1958.0,Iranian,Our Own Indian School. School Clinic,General Practice,0.187287569910717,8,63,392,2312,Business Bay,2.328060504262284,0,0,40,540,0,20,5,4,4,4,1.4717513305216572,0.15,2.328,0.913,BURJ KHALIFA,3.2276644392582843,20477,0,0,8,0,0,88826,63.829036462802044,4.0,1.0,2.8
Towheed Iranian School for Girls,Al Karama,25.252983,55.306842,G1-G12,279.0,1958.0,Iranian,Iranian Towheed Girls School,Nursing,0.0322756250947036,65,189,663,2312,BurJuman,0.3334370678640572,10,60,220,540,0,59,16,22,22,22,0.2129724907563157,0.026,0.267,1.159,AL TWAR FIRST,1.0870938646452264,11509,0,8,18,0,124776,404306,55.628563714196446,2.7,3.0,2.8200000000000003
United International Private School,Al Muhaisnah,25.277289,55.408747,KG1-G10,1829.0,1992.0,Philippine,United International Pvt. School,Nursing,0.0564927602132692,11,24,160,2312,Etisalat,2.618441142614728,0,0,50,540,0,4,3,5,5,5,1.5936617896541443,0.045,2.618,0.774,DUBAI  AIRPORT,5.121957254423758,22,0,0,0,0,0,0,50.64481376442479,5.0,1.0,3.4
Universal American School,Ras Al Khor,25.221422,55.365489,KG1-G12,1402.0,2005.0,US/IB,Universal American School-Dubai Festival City,General Practice,0.1729073826021993,2,21,235,2312,Emirates,2.183707592281099,0,0,80,540,0,16,7,8,8,8,1.379387508409539,0.138,2.184,0.931,AL MUTEENA,0.4016743927814768,46185,2,5,12,70932,147837,349818,55.1866216641218,1.0,5.0,2.6
Uptown School,Mirdif,25.210243,55.423257,KG1-G10,1222.0,2012.0,IB,UPTOWN INTERNATIONAL SCHOOL (BR OF TAALEEM MANAGEMENT(LLC)),General Practice,0.1675083151109496,6,30,130,2312,Rashidiya,3.9161609460780658,0,0,10,540,0,1,0,1,1,1,2.4166998936912187,0.134,3.916,0.543,PORT SAEED,2.3739949558276514,13551,0,0,11,0,0,253407,54.720278174172755,4.0,2.0,3.2
Delhi Private School Academy,Dubai Academic City,25.105576,55.402396,KG1-G7,321.0,2013.0,Indian(ICSE),German International School Dubai,Internal Medicine,0.2605910431798237,4,23,63,2312,Rashidiya,13.905844364197684,0,0,0,540,0,2,0,0,0,0,8.44774303579054,0.208,13.906,0.41,AL GARHOUD,7.944431566885132,18535,0,0,0,0,0,0,64.2095013750443,5.0,1.0,3.4
GEMS New Millennium School ,Al Khail ,25.123782,55.257187,KG1-G7,839.0,2013.0,Indian(CBSE),Gems New Millennium School Alkhail,General Practice,0.0379442227785718,4,14,108,2312,Noor Bank,4.5772636213159466,0,0,20,540,0,1,3,2,2,2,2.7615358619009966,0.03,4.577,0.479,AL BARSHAA FIRST,5.680231924244665,39451,0,0,0,0,0,0,67.86786798761172,5.0,1.0,3.4
Sabari Indian School ,Al Waheda,25.289783,55.341133,KG1-G6,437.0,2013.0,Indian(CBSE),Sabari Indian School LLC,General Practice,0.0368446003608568,7,43,340,2312,Abu Hail,1.6973459316245176,0,20,140,540,0,16,5,14,14,14,1.0331453991190531,0.029,1.528,0.995,AL QUSAIS THIRD,0.929069235823399,7162,2,5,22,16531,83495,297671,52.088839020321245,1.5,3.0,2.1
Springdales School,Al Quoz,25.149543,55.253366,KG2-G8,899.0,2013.0,Indian(CBSE),Springdales School LLC,General Practice,0.0273767220198996,20,36,347,2312,Noor Bank,2.594694941960467,0,0,20,540,0,13,4,2,2,2,1.56776765398424,0.022,2.595,0.838,BURJ KHALIFA,5.706336909927262,20477,0,0,0,0,0,0,65.96258622778137,5.0,1.0,3.4
Victory Heights Primary School,Dubai Sports City,25.035148,55.222489,FS1-G5,515.0,2013.0,UK,Victory Heights Primary School,General Practice,0.0535234420793861,9,34,85,2312,Station R73,6.262998449066307,0,0,0,540,0,2,1,0,0,0,3.7792084462715385,0.043,6.263,0.418,AL BARSHAA FIRST,8.966537670129304,39451,0,0,0,0,0,0,77.57453409563846,5.0,1.0,3.4
Foremarke School,Dubailand,25.079423,55.242616,FS1-G3,191.0,2013.0,UK,REPTON AL BARSHA FZ-LLC ,Nursing,0.0625325716165156,5,16,99,2312,Mall of the Emirates,6.296449923176924,0,0,0,540,0,4,2,0,0,0,3.802882982552761,0.05,6.296,0.437,AL BARSHAA FIRST,5.5903803162298304,39451,0,0,0,0,0,0,72.48899840109326,5.0,1.0,3.4
International Concept for Education,Meydan,25.153909,55.298824,KG1-G2,159.0,2013.0,French/IB,International Concept Education - School Clinic,General Practice,0.1136930619503453,2,2,70,2312,Business Bay,5.6745507423633255,0,0,0,540,0,7,0,0,0,0,3.450207670198133,0.091,5.675,0.465,BURJ KHALIFA,5.404913506443044,20477,0,0,0,0,0,0,63.26689876369864,5.0,1.0,3.4
GEMS Wellington Academy - Al Khail,Al Khail ,25.123129,55.254493,FS1-G7,820.0,2013.0,UK,Gems Wellington Academy Al Khail,General Practice,0.0309373484375759,4,16,131,2312,Noor Bank,4.469935802966626,0,0,20,540,0,3,3,2,2,2,2.6943364211550063,0.025,4.47,0.512,AL BARSHAA FIRST,5.4000126006268,39451,0,0,0,0,0,0,68.06330769874964,5.0,1.0,3.4
Oasis School,Al Safa,25.178509,55.238012,KG1-G5,124.0,2013.0,UK,Jumairah International Nursery- Branch,Nursing,0.1909786533820255,40,102,468,2312,Business Bay,2.6642720072031265,0,0,30,540,0,20,5,3,3,3,1.674954665674686,0.153,2.664,0.873,BURJ KHALIFA,4.210185920947327,20477,0,0,8,0,0,88826,64.69305719274892,4.0,1.0,2.8
GEMS International School - Al Khail,Al Khail ,25.122362,55.255576,KG1-G8,567.0,2013.0,IB,Gems International School Al Khail LLC,Nursing,0.0179261806536519,4,14,115,2312,Noor Bank,4.603054739230393,0,0,20,540,0,2,3,2,2,2,2.7690033157996963,0.014,4.603,0.487,AL BARSHAA FIRST,5.491215328884473,39451,0,0,0,0,0,0,68.0714627099867,5.0,1.0,3.4
Credence High School ,Al Quoz,25.152316,55.249429,KG1-G6,348.0,2014.0,Indian,Credence High School LLC,General Practice,0.0705327894534521,28,40,375,2312,Noor Bank,2.1395189930882785,0,0,20,540,0,13,5,2,2,2,1.311924511634348,0.056,2.14,0.89,BURJ KHALIFA,5.587800699996027,20477,0,0,0,0,0,0,65.96722405081941,5.0,1.0,3.4
Bilva Indian School ,Al Qusais,25.277453,55.366716,KG1-G6,381.0,2014.0,Indian,Amity School LLC,Nursing,0.1084744036765001,18,90,324,2312,Stadium,0.5178779500168156,20,40,150,540,0,19,6,15,15,15,0.3541165314806894,0.087,0.414,1.134,DUBAI  AIRPORT,2.7111616665695006,22,0,0,15,0,0,275274,51.72644087158382,4.0,2.0,3.2
GEMS FirstPoint School,Dubai land,25.089952,55.376415,FS1-G7,308.0,2014.0,UK,The Aquila School Owned By Shaikh Mohammed Makto,Nursing,0.6969623664806405,3,8,59,2312,Creek,14.831110607640156,0,0,0,540,0,2,0,0,0,0,9.17745131117635,0.558,14.831,0.392,AL GARHOUD,10.943909132338952,18535,0,0,0,0,0,0,66.3108913668234,5.0,1.0,3.4
Kings Nad Al Sheba,Nad Al Shibba,25.152316,55.380192,FS1-G5,67.0,2014.0,UK,Kings School Nad Al Sheba,Nursing,0.3051922680711608,3,6,111,2312,Creek,8.492144840502796,0,0,0,540,0,2,0,0,0,0,5.217363811530142,0.244,8.492,0.408,PORT SAEED,5.395796514262258,13551,0,0,0,0,0,0,60.40860248601437,5.0,1.0,3.4
Ontario International Canadian School ,Mirdif,25.221404,55.426068,KG1-G6,109.0,2014.0,Canadian,Dr Inas Nutrition Center,Clinical Dietetics and Nutrition,0.2234975213578329,21,60,127,2312,Rashidiya,3.6420937851108177,0,0,20,540,0,1,1,2,2,2,2.2746552796096235,0.179,3.642,0.584,AL KHBEESI,3.4680648280996214,1992,0,0,8,0,0,165574,53.88550613622051,4.0,2.0,3.2
Nord Anglia International School Dubai,Al Barsha,25.062004,55.227242,FS1-G7,550.0,2014.0,UK,Nord Anglia International School L L C,Nursing,0.2036335367406622,3,35,102,2312,Mashreq,6.91722954599255,0,0,0,540,0,4,1,0,0,0,4.231791142291795,0.163,6.917,0.432,AL BARSHAA FIRST,6.279221237432001,39451,0,0,0,0,0,0,74.86260164144595,5.0,1.0,3.4
Kings' Al Barsha,Al Barsha,25.086221,55.251102,FS1-G8,546.0,2014.0,UK,Kings Al Barsha School,Nursing,0.3957989470313048,2,8,85,2312,FGB,6.261399344778204,0,0,0,540,0,3,2,0,0,0,3.915159185679444,0.317,6.261,0.414,AL BARSHAA FIRST,5.815007153496394,39451,0,0,0,0,0,0,71.45079148904705,5.0,1.0,3.4
Gems Metropole School,Motor City,25.042429,55.243657,FS1-G7,934.0,2014.0,UK,Gems Metropole School,General Practice,0.1557819357840563,16,35,94,2312,Station R73,8.541989736182016,0,0,0,540,0,2,1,0,0,0,5.187506616022832,0.125,8.542,0.414,AL BARSHAA FIRST,8.961863410272425,39451,0,0,0,0,0,0,75.83703526669626,5.0,1.0,3.4
Safa Community School,Dubai land,25.061716,55.248441,FS1-G7,101.0,2014.0,UK,Safa Community School,Nursing,0.0149093334716696,7,17,90,2312,Mall of the Emirates,8.194971177541007,0,0,0,540,0,2,1,0,0,0,4.922946439913272,0.012,8.195,0.419,AL BARSHAA FIRST,7.433112203595747,39451,0,0,0,0,0,0,73.81380324453482,5.0,1.0,3.4
Dovecote Green Primary ,Dubai Investment Park,24.997085,55.155938,KG1,4.0,2014.0,UK,Dove Green Private School LLC,General Practice,0.0638651727205476,6,26,56,2312,Station R74,0.9686867875142836,10,20,60,540,0,2,1,6,6,6,0.6067581415967891,0.051,0.775,0.961,AL BARSHAA FIRST,13.758267724146236,39451,0,0,0,0,0,0,84.72057834927823,5.0,1.0,3.4
Capital School,Al Qusais,25.284385,55.371958,FS1-G5,264.0,2014.0,UK,Capital School,Nursing,0.070792240394527,35,96,217,2312,Al Nahda,1.2632510355752165,0,30,110,540,0,12,5,11,11,11,0.7862675175029407,0.057,1.137,1.046,DUBAI  AIRPORT,3.540684755009644,22,0,0,11,0,0,294956,51.20399946128851,4.0,2.0,3.2
Swiss International Scientifc School ,Health Care City,25.219684,55.32988,KG1-12,,2015.0,IB /Swiss ,Fifa Sport Medical Center Of Excellence Dubai LLC,Physical Medicine and Rehabilitation,0.419217315853045,3,121,427,2312,Al Jadaf,0.7015389468197258,20,30,140,540,0,37,13,14,14,14,0.5886102944330536,0.335,0.561,1.099,AL REGA,2.8680740575137134,10480,0,0,9,0,0,263506,56.67762941129638,4.0,2.0,3.2
Hartland Internaitnal School ,Meydan,25.177947,55.274873,KG1-13,,2015.0,UK/IB,G.M.C.K.S.Pranic Energy Healing Centre,Holistic Therapist,0.2637717036900869,17,65,370,2312,Business Bay,2.076464656580963,0,0,40,540,0,21,4,4,4,4,1.3513874754246125,0.211,2.076,0.94,BURJ KHALIFA,2.1413649096429412,20477,0,0,8,0,0,88826,62.52198745244791,4.0,1.0,2.8
St Mary High Catholic School -branch,Muhaisana,25.28038,55.40825,KG1-13,,2015.0,UK,ST MARY HIGH SCHOOL MUHAISNAH L.L.C,General Practice,0.0238140767014609,11,27,155,2312,Al Qusais,2.871605502420344,0,0,50,540,0,4,3,5,5,5,1.732488932132791,0.019,2.872,0.744,DUBAI  AIRPORT,5.2695184383654246,22,0,0,0,0,0,0,50.483887523457184,5.0,1.0,3.4
Dubai British School - Jumairah Park ,Jumairah Park,25.298406,55.451661,KG1-13,,2015.0,UK,Dr. Ismail Medical Center(Br Muhaisanah),General Practice,3.6189396715420257,0,0,21,2312,Etisalat,7.0317552156815815,0,0,0,540,0,1,1,0,0,0,5.666628998025759,3.619,7.032,0.265,AL MEZHAR FIRST,8.484402364513365,16552,0,0,0,0,0,0,48.82399962738943,5.0,1.0,3.4
Ranches Primary School ,Arabian Ranches,25.031625,55.270907,FS1 -G6,,2015.0,UK,Ranches Nursery,Nursing,0.2391461717879817,7,11,65,2312,Station R73,10.945471777503997,0,0,0,540,0,2,1,0,0,0,6.662941535217591,0.191,10.945,0.41,AL BARSHAA FIRST,11.462638852114171,39451,0,0,0,0,0,0,75.60840977841251,5.0,1.0,3.4
